AID, S0, S1, S2, S3, S4, S5, S6, S7, S8, S9, S10, S11, S12, S13, S14, S15, S16, S17, S18, S19, S20, S21, S22, S23, S24, S25, S26, S27, S28, S29, S30, S31
0,0,0,0,0,0,0,0,0,0,0,0.1232,0,0.90343,0.41065,0,0,0,0,0,0,0,0,0,0,0,0,0,0,0,0,-0.90446,-0.42657
0,0,0.062084,0.041389,0,0,0,0,0,0,0,0.020695,0.020695,0.66223,0.745,0,0,0,0,0,0,0,0,0,0,0,0,0,0,0,0,-0.69151,0.72236
0,0,0.18983,0,0,0,0,0,0,0,0,0.094916,0,0.85424,0.47458,0,0,0,0,0,0,0,0,0,0,0,0,0,0,0,0,0.86163,-0.50754
0,0,0.10903,0,0,0,0,0,0,0,0,0.24531,0.32708,0.62691,0.65417,0,0,0,0,0,0,0,0,0,0,0,0,0,0,0,0,-0.24192,-0.9703
0,0,0.041204,0,0,0,0,0,0,0,0,0.041204,0.041204,0.61806,0.78288,0,0,0,0,0,0,0,0,0,0,0,0,0,0,0,0,-0.9205,-0.39073
0,0,0.044981,0,0,0,0,0,0,0,0,0,0,0.51728,0.85463,0,0,0,0,0,0,0,0,0,0,0,0,0,0,0,0,-0.98481,-0.17365
0,0,0,0,0,0,0,0,0,0,0.022328,0.02977,0.037213,0.12652,0.98987,0,0,0,0,0,0,0,0,0,0.037213,0,0,0,0,0,0,-0.84104,0.54097
0,0,0.028172,0,0,0,0,0,0,0,0,0.028172,0,0.76064,0.64795,0,0,0,0,0,0,0,0,0,0,0,0,0,0,0,0,-0.76604,0.64279
0,0,0.053529,0,0,0,0,0,0,0,0,0.017843,0.017843,0.48176,0.8743,0,0,0,0,0,0,0,0,0,0,0,0,0,0,0,0,-0.52621,-0.85035
0,0,0,0,0,0,0,0,0,0,0,0,0,0.49026,0.87158,0,0,0,0,0,0,0,0,0,0,0,0,0,0,0,0,-0.84339,-0.5373
0,0,0.073922,0,0,0,0,0,0,0,0,0.073922,0,0.6653,0.73922,0,0,0,0,0,0,0,0,0,0,0,0,0,0,0,0,-0.99976,0.021815
0,0,0.023174,0,0,0,0,0,0,0,0,0.092698,0.092698,0.27809,0.95015,0,0,0,0,0,0,0,0,0,0.046349,0,0,0,0,0,0,-0.91355,0.40674
0,0,0.061839,0,0,0,0,0,0,0,0,0.03092,0.03092,0.49471,0.86575,0,0,0,0,0,0,0,0,0,0,0,0,0,0,0,0,-1,-1.84E-16
0,0,0.021698,0,0,0,0,0,0,0,0,0.021698,0,0.45566,0.88962,0,0,0,0,0,0,0,0,0,0,0,0,0,0,0,0,-0.55194,0.83389
0,0,0.042845,0,0,0,0,0,0,0,0,0.021423,0.021423,0.38561,0.92117,0,0,0,0,0,0,0,0,0,0,0,0,0,0,0,0,-0.87882,-0.47716
0,0,0.074125,0,0,0,0,0,0,0,0,0,0,0.74125,0.66712,0,0,0,0,0,0,0,0,0,0,0,0,0,0,0,0,-0.99725,-0.074108
0,0,0.06117,0.06117,0,0,0,0,0,0,0,0,0,0.97873,0.18351,0,0.030585,0,0,0,0,0,0,0,0,0,0,0,0,0,0,-0.91879,0.39474
0,0,0,0,0,0,0,0,0,0,0,0,0,0.32711,0.94499,0,0,0,0,0,0,0,0,0,0,0,0,0,0,0,0,-0.77439,0.63271
0,0,0.034508,0.034508,0,0,0,0,0,0.034508,0.017254,0.15529,0.17254,0.55213,0.79369,0,0,0,0,0,0,0,0,0,0.086271,0,0,0,0,0,0,-0.99953,0.030539
0,0,0.068399,0,0,0,0,0,0,0,0,0.034199,0,0.37619,0.92338,0,0,0,0,0,0,0,0,0,0,0,0,0,0,0,0,-0.67237,-0.74022
0,0,0.075047,0,0,0,0,0,0,0.050031,0,0.050031,0.050031,0.40025,0.90056,0,0,0,0,0,0,0,0,0,0.075047,0.10006,0,0,0,0,0,-0.99839,0.056693
0,0,0,0,0,0,0,0,0,0,0,0.051763,0.069017,0.15529,0.98349,0,0,0,0,0,0,0,0,0,0.034508,0,0,0,0,0,0,-0.79069,0.61222
0,0,0.030109,0,0,0,0,0,0,0,0.020072,0.17062,0.14051,0.45163,0.86311,0,0,0,0,0,0,0,0,0,0.030109,0,0,0,0,0,0,-0.25038,-0.96815
0,0,0.10109,0,0,0,0,0,0,0,0,0.072206,0.057765,0.69318,0.70762,0,0,0,0,0,0,0,0,0,0,0,0,0,0,0,0,-0.32144,-0.94693
0,0,0.064018,0,0,0,0,0,0,0,0,0.021339,0,0.66152,0.74688,0,0,0,0,0,0,0,0,0,0,0,0,0,0,0,0,-0.96593,-0.25882
0,0,0.039598,0,0,0,0,0,0,0,0,0.019799,0.019799,0.63357,0.77216,0,0,0,0,0,0,0,0,0,0,0,0,0,0,0,0,0.65606,-0.75471
0,0,0.069278,0,0,0,0,0,0,0,0.017319,0.095257,0.043299,0.55422,0.82267,0,0,0,0,0,0,0,0,0,0,0,0,0,0,0,0,0.17794,-0.98404
0,0,0.06531,0,0,0,0,0,0,0,0,0.06531,0.04354,0.47894,0.8708,0,0,0,0,0,0,0,0,0,0.04354,0,0,0,0,0,0,-0.99863,-0.052336
0,0,0.027714,0,0,0,0,0,0,0,0,0.11085,0,0.38799,0.91455,0,0,0,0,0,0,0,0,0,0,0,0,0,0,0,0,-0.60529,0.796
0,0,0.044599,0,0,0,0,0,0,0,0,0.022299,0.022299,0.49059,0.86968,0,0,0,0,0,0,0,0,0,0,0,0,0,0,0,0,0.74896,-0.66262
0,0,0,0,0,0,0,0,0,0,0,0.018446,0,0.49804,0.86696,0,0,0,0,0,0,0,0,0,0,0,0,0,0,0,0,-0.40275,-0.91531
0,0,0,0,0,0,0,0,0,0,0.21709,0.15506,0.10854,0.35664,0.88385,0,0,0,0,0,0,0,0,0,0.093037,0,0,0,0,0,0,-0.82659,0.5628
0,0,0.016478,0,0,0,0,0,0,0,0,0.098867,0.049433,0.75798,0.64263,0,0,0,0,0,0,0,0,0,0,0,0,0,0,0,0,-0.96005,0.27983
0,0,0,0,0,0,0,0,0,0,0,0.015887,0,0.30185,0.95322,0,0,0,0,0,0,0,0,0,0,0,0,0,0,0,0,-0.82413,0.56641
0,0,0.036176,0,0,0,0,0,0,0,0,0.018088,0.0090439,0.46124,0.88631,0,0,0,0,0,0,0,0,0,0,0,0,0,0,0,0,-0.35429,-0.93514
0,0,0,0,0,0,0,0,0,0,0,0.31524,0.23643,0.78811,0.47287,0,0,0,0,0,0,0,0,0,0,0,0,0,0,0,0,-0.72537,-0.68835
0,0,0.026491,0,0,0,0,0,0,0,0,0,0,0.52981,0.8477,0,0,0,0,0,0,0,0,0,0,0,0,0,0,0,0,-0.98245,-0.18652
0,0,0.0237,0,0,0,0,0,0,0,0.0237,0.1027,0.0395,0.4661,0.8769,0,0,0,0,0,0,0,0,0,0.0237,0,0,0,0,0,0,-0.99657,-0.082808
0,0,0.082471,0,0,0,0,0,0,0,0,0.34363,0.24741,0.54981,0.71475,0,0,0,0,0,0,0,0,0,0.02749,0,0,0,0,0,0,-0.6788,-0.73432
0,0,0.032141,0,0,0,0,0,0,0,0,0.032141,0.032141,0.5464,0.83567,0,0,0,0,0,0,0,0,0,0,0,0,0,0,0,0,-0.97992,-0.19937
0,0,0.019388,0,0,0,0,0,0,0,0.038777,0.077553,0.077553,0.3296,0.93064,0,0,0,0,0,0,0,0,0,0.10664,0,0,0,0,0,0,-0.85035,0.52621
0,0,0.028213,0,0,0,0,0,0,0,0,0.14106,0.037617,0.52664,0.83698,0,0,0,0,0,0,0,0,0,0,0,0,0,0,0,0,0.32144,-0.94693
0,0,0.051098,0,0,0,0,0,0,0,0,0.15329,0.1022,0.61317,0.76646,0,0,0,0,0,0,0,0,0,0,0,0,0,0,0,0,-0.43445,-0.9007
0,0,0.076002,0,0,0,0,0,0,0,0,0.091203,0.060802,0.53202,0.83602,0,0,0,0,0,0,0,0,0,0.0152,0,0,0,0,0,0,-0.78261,-0.62251
0,0,0,0,0,0,0,0,0,0,0,0.043073,0,0.12922,0.99068,0,0,0,0,0,0,0,0,0,0,0,0,0,0,0,0,-0.82659,-0.5628
0,0,0.065906,0,0,0,0,0,0,0,0,0.043937,0.032953,0.5602,0.82383,0,0,0,0,0,0,0,0,0,0.010984,0,0,0,0,0,0,0.065403,-0.99786
0,0,0.040757,0,0,0,0,0,0,0,0,0.040757,0.081514,0.81514,0.5706,0,0,0,0,0,0,0,0,0,0,0,0,0,0,0,0,-0.93201,-0.36244
0,0,0.046881,0,0,0,0,0,0,0,0,0.14064,0,0.51569,0.84385,0,0,0,0,0,0,0,0,0,0,0,0,0,0,0,0,-0.99756,-0.069756
0,0,0.11051,0.036835,0,0,0,0,0,0,0,0.036835,0.036835,0.5157,0.84722,0,0,0,0,0,0,0,0,0,0,0,0,0,0,0,0,-0.99996,0.0087265
0,0,0.047097,0,0,0,0,0,0,0,0,0.013456,0.0067281,0.57862,0.8141,0,0,0,0,0,0,0,0,0,0,0,0,0,0,0,0,-0.74314,-0.66913
0,0,0,0,0,0,0,0,0,0,0,0.038452,0.025635,0.15381,0.98694,0,0,0,0,0,0,0,0,0,0.012817,0,0,0,0,0,0,-0.43837,-0.89879
0,0,0,0,0,0,0,0,0,0,0,0.096126,0.032042,0.25634,0.96126,0,0,0,0,0,0,0,0,0,0,0,0,0,0,0,0,-0.50377,-0.86384
0,0,0.028952,0,0,0,0,0,0,0,0,0.14476,0.14476,0.52114,0.81066,0.057904,0.057904,0,0,0,0,0,0,0,0.11581,0,0.086856,0,0.028952,0,0,-0.99027,-0.13917
0,0,0.033041,0,0,0,0,0,0,0,0,0.033041,0,0.5617,0.82602,0,0,0,0,0,0,0,0,0,0,0,0,0,0,0,0,-0.96923,0.24615
0,0,0.044884,0,0,0,0,0,0,0,0.014961,0.21694,0.089767,0.63585,0.7331,0,0,0,0,0,0,0,0,0,0.029922,0,0,0,0,0,0,-1,-1.84E-16
0,0,0.097071,0.024268,0,0,0,0,0,0,0,0.48536,0.26695,0.63096,0.53389,0,0,0,0,0,0,0,0,0,0,0,0,0,0,0,0,-0.5628,-0.82659
0,0,0.035898,0,0,0,0,0,0,0,0,0.035898,0.035898,0.61026,0.78975,0,0,0,0,0,0,0,0,0,0,0,0,0,0,0,0,-0.60529,-0.796
0,0,0,0,0,0,0,0,0,0,0,0.034259,0.034259,0.925,0.37685,0,0,0,0,0,0,0,0,0,0,0,0,0,0,0,0,-0.99692,0.078459
0,0,0.041169,0.041169,0,0,0,0,0,0,0,0.041169,0.041169,0.61754,0.78222,0,0,0,0,0,0,0,0,0,0,0,0,0,0,0,0,-0.48862,-0.8725
0,0,0.066091,0,0,0,0,0,0,0,0,0.016523,0.016523,0.44611,0.89223,0,0,0,0,0,0,0,0,0,0,0,0,0,0,0,0,-0.9954,-0.095846
0,0,0.09066,0,0,0,0,0,0,0,0,0.12088,0.06044,0.63462,0.7555,0,0,0,0,0,0,0,0,0,0,0,0,0,0,0,0,-0.19081,-0.98163
0,0,0.072357,0,0,0,0,0,0,0,0,0.096477,0.024119,0.43414,0.89241,0,0,0,0,0,0,0,0,0,0,0,0,0,0,0,0,-0.93358,-0.35837
0,0,0,0,0,0,0,0,0,0,0,0,0,0.94174,0.33634,0,0,0,0,0,0,0,0,0,0,0,0,0,0,0,0,-0.98902,-0.14781
0,0,0.074305,0.014861,0,0,0,0,0,0,0.059444,0.20805,0.089166,0.63902,0.72819,0,0,0,0,0,0,0,0,0,0.029722,0,0,0,0,0,0,-0.99756,-0.069756
0,0,0,0,0,0,0,0,0,0,0,0.22384,0.061047,0.26454,0.93605,0,0,0,0,0,0,0,0,0,0,0,0,0,0,0,0,-0.99905,0.043619
0,0,0.019854,0,0,0,0,0,0,0,0,0.079414,0.039707,0.39707,0.91327,0,0,0,0,0,0,0,0,0,0,0,0,0,0,0,0,0.91879,0.39474
0,0,0.13935,0,0,0,0,0,0,0,0,0,0,0.76641,0.62706,0,0,0,0,0,0,0,0,0,0,0,0,0,0,0,0,0.50754,-0.86163
0,0,0.073973,0,0,0,0,0,0,0,0,0.036986,0.036986,0.66575,0.73973,0.036986,0,0,0,0,0,0,0,0,0,0,0,0,0,0,0,0.81157,-0.58425
0,0,0.052833,0,0,0,0,0,0,0,0,0,0,0.60758,0.7925,0,0,0,0,0,0,0,0,0,0,0,0,0,0,0,0,0.48862,-0.8725
0,0,0.061648,0,0,0,0,0,0,0,0,0.046236,0.030824,0.52401,0.84766,0,0,0,0,0,0,0,0,0,0,0,0,0,0,0,0,0.1132,-0.99357
0,0,0.051239,0,0,0,0,0,0,0.01708,0,0.37575,0.13664,0.49531,0.76859,0,0,0,0,0,0,0,0,0,0.034159,0,0,0,0,0,0,0.74606,-0.66588
0,0,0.040375,0,0,0,0,0,0,0.026917,0,0.22879,0.067292,0.44412,0.86133,0,0,0,0,0,0,0,0,0,0.040375,0,0,0,0,0,0,0.30071,-0.95372
0,0,0.061305,0,0,0,0,0,0,0,0,0.20844,0.049044,0.62531,0.74792,0,0,0,0,0,0,0,0,0,0,0,0,0,0,0,0,0.48099,-0.87673
0,0,0.085589,0.0085589,0,0,0,0,0,0,0,0,0,0.59912,0.79598,0,0,0,0,0,0,0.0085589,0,0,0,0,0,0,0,0,0,0.30486,-0.9524
0,0,0.035169,0,0,0,0,0,0,0,0,0.087922,0.070338,0.49237,0.86164,0,0,0,0,0,0,0,0,0,0.035169,0,0,0,0,0,0,0.77715,-0.62932
0,0,0.057735,0,0,0,0,0,0,0.014434,0,0.072169,0.072169,0.75056,0.64952,0,0,0,0,0,0,0,0,0,0.028868,0,0,0,0,0,0,0.5628,-0.82659
0,0,0.028138,0,0,0,0,0,0,0,0,0.32359,0.098484,0.53463,0.7738,0,0,0,0,0,0,0,0,0,0.014069,0,0,0,0,0,0,0.41072,-0.91176
0,0,0.044972,0,0,0,0,0,0,0,0,0,0,0.43473,0.89944,0,0,0,0,0,0,0,0,0,0,0,0,0,0,0,0,0.54097,-0.84104
0,0,0.042476,0,0,0,0,0,0,0,0,0.042476,0.042476,0.446,0.892,0,0,0,0,0,0,0,0,0,0,0,0,0,0,0,0,0.80125,-0.59832
0,0,0.041785,0,0,0,0,0,0,0,0,0.062677,0.062677,0.62677,0.77302,0,0,0,0,0,0,0,0,0,0,0,0,0,0,0,0,0.65276,-0.75756
0,0,0.048941,0.0081568,0,0,0,0,0,0,0,0.065255,0.032627,0.52204,0.84831,0,0,0,0,0,0,0,0,0,0.0081568,0,0,0,0,0,0,0.13485,-0.99087
0,0,0.033834,0,0,0,0,0,0,0,0,0.022556,0.022556,0.42857,0.90224,0,0,0,0,0,0,0,0,0,0.011278,0,0,0,0,0,0,0.55194,-0.83389
0,0,0.032858,0,0,0,0,0,0,0,0,0.016429,0,0.46001,0.88716,0,0,0,0,0,0,0,0,0,0,0,0,0,0,0,0,0.77439,-0.63271
0,0,0.027027,0,0,0,0,0,0,0,0,0.081081,0.054054,0.67568,0.72973,0,0,0,0,0,0,0,0,0,0.027027,0,0,0,0,0,0,0.65606,-0.75471
0,0,0.015629,0,0,0,0,0,0,0.031258,0.093773,0.14066,0.14066,0.45324,0.85958,0,0,0,0,0,0,0,0,0,0.078144,0,0,0,0,0,0,0.76041,-0.64945
0,0,0.076596,0,0,0,0,0,0,0,0,0,0,0.6383,0.76596,0,0,0,0,0,0,0,0,0,0,0,0,0,0,0,0,0.43445,-0.9007
0,0,0.0582,0,0,0,0,0,0,0,0.1164,0.0388,0.0388,0.6596,0.7372,0,0,0,0,0,0,0,0,0,0.0388,0,0,0,0,0,0,-0.99976,-0.021815
0,0,0.021936,0,0,0,0,0,0,0,0,0.043871,0.021936,0.5813,0.81162,0,0,0,0,0,0,0,0,0,0.021936,0,0,0,0,0,0,-0.9958,0.091502
0,0,0.020833,0,0,0,0,0,0,0,0,0.0625,0.041667,0.89583,0.4375,0,0,0,0,0,0,0,0,0,0,0,0,0,0,0,0,-0.992,0.1262
0,0,0.042516,0,0,0,0,0,0,0,0,0.042516,0,0.62356,0.77946,0,0,0,0,0,0,0,0,0,0,0,0,0,0,0,0,-0.92388,0.38268
0,0.069886,0.069886,0,0,0,0,0,0.13977,0.13977,0,0.10483,0.069886,0.7338,0.59403,0,0,0,0,0,0,0,0,0,0.20966,0,0,0,0,0,0,-0.99813,-0.061049
0,0,0.036456,0,0,0,0,0,0,0,0,0.04557,0.04557,0.51038,0.85671,0,0,0,0,0,0,0,0,0,0.0091139,0,0,0,0,0,0,-0.98629,0.16505
0,0,0.08984,0.025668,0,0,0,0,0,0,0.025668,0.20535,0.051337,0.65455,0.71872,0,0.012834,0,0,0,0,0,0,0,0.025668,0,0,0,0,0,0,-0.97437,0.22495
0,0,0.041505,0,0,0,0,0,0,0,0,0.031129,0.031129,0.46693,0.88198,0,0,0,0,0,0,0,0,0,0.020752,0,0,0,0,0,0,-0.97338,0.2292
0,0,0.019361,0.019361,0,0,0,0,0,0,0,0.067763,0.038722,0.76476,0.63891,0,0.0096805,0,0,0,0,0,0,0,0,0,0,0,0,0,0,-0.99087,-0.13485
0,0,0.020916,0,0,0,0,0,0,0,0,0.031374,0.031374,0.80527,0.59088,0,0,0,0,0,0,0,0,0,0,0,0,0,0,0,0,-0.99692,0.078459
0,0,0.051457,0,0,0,0,0,0,0,0,0.034305,0.017152,0.41166,0.90908,0,0,0,0,0,0,0,0,0,0,0,0,0,0,0,0,-0.96923,0.24615
0,0,0.010128,0,0,0,0,0,0,0,0.030384,0.05064,0.030384,0.44563,0.89126,0,0,0,0,0,0,0,0,0,0.05064,0,0,0,0,0,0,-0.97815,0.20791
0,0,0.036256,0,0,0,0,0,0,0,0,0.054384,0.036256,0.59822,0.79763,0,0,0,0,0,0,0,0,0.018128,0,0,0,0,0,0,0,-0.94693,0.32144
0,0,0.0089218,0,0,0,0,0,0,0,0,0.16059,0.062453,0.54423,0.82081,0,0,0,0,0,0,0,0,0,0.017844,0,0,0,0,0,0,-0.99999,-0.0043633
0,0,0.052936,0,0,0,0,0,0,0,0,0.0088227,0.0088227,0.4676,0.88227,0,0,0,0,0,0,0,0,0,0,0,0,0,0,0,0,-0.99885,0.047978
0,0,0.014594,0.029189,0,0,0,0,0.014594,0.029189,0,0.029189,0.029189,0.64215,0.7589,0,0,0,0,0,0,0,0,0,0.087566,0.014594,0,0,0,0,0,-0.9205,0.39073
0,0,0.025673,0,0,0,0,0,0,0,0,0.068461,0.025673,0.53913,0.83865,0,0,0,0,0,0,0,0,0,0,0,0,0,0,0,0,-0.94118,0.33792
0,0,0.043644,0,0,0,0,0,0,0,0.10911,0.24004,0.10911,0.43644,0.82923,0,0,0,0,0,0,0,0,0,0.1964,0,0,0,0,0,0,-0.97338,0.2292
0,0,0.054265,0.0077522,0,0,0,0,0,0,0,0.038761,0,0.56591,0.82173,0,0,0,0,0,0,0,0,0,0,0,0,0,0,0,0,-0.97992,0.19937
0,0,0.054978,0,0,0,0,0,0,0,0,0.010996,0,0.59377,0.80268,0,0,0,0,0,0,0,0,0,0,0,0,0,0,0,0,-0.26303,-0.96479
0,0,0.045478,0,0,0,0,0,0,0,0,0.1137,0.045478,0.59121,0.79587,0,0,0,0,0,0,0,0,0,0,0,0,0,0,0,0,-0.27564,-0.96126
0,0,0.050189,0,0,0,0,0,0,0,0,0.050189,0.050189,0.75283,0.65245,0,0,0,0,0,0,0,0,0,0,0,0,0,0,0,0,-0.15212,-0.98836
0,0,0.044274,0,0,0,0,0,0,0.0073789,0,0.073789,0.044274,0.57556,0.81168,0,0,0,0,0,0,0,0,0,0.022137,0,0,0,0,0,0,-0.43837,-0.89879
0,0,0.051968,0,0,0,0,0,0,0,0,0.025984,0,0.70157,0.71023,0,0,0,0,0,0,0,0,0,0,0,0,0,0,0,0,-0.2546,-0.96705
0,0,0,0,0,0,0,0,0,0,0,0.032659,0.021773,0.48988,0.8709,0,0,0,0,0,0,0,0,0,0,0,0,0,0,0,0,-0.29237,-0.9563
0,0,0.042388,0,0,0,0,0,0,0,0,0.056518,0.070647,0.49453,0.86189,0,0,0,0,0,0,0,0,0,0.042388,0,0.028259,0,0,0,0,0.01309,-0.99991
0,0,0.070014,0,0,0,0,0,0,0,0,0.070014,0,0.77015,0.63013,0,0,0,0,0,0,0,0,0,0,0,0,0,0,0,0,0.39875,-0.91706
0,0,0,0,0,0,0,0,0,0,0,0.059502,0,0.35701,0.9322,0,0,0,0,0,0,0,0,0,0,0,0,0,0,0,0,0.44229,-0.89687
0,0,0,0,0,0,0,0,0,0,0,0.19245,0.19245,0.57735,0.7698,0,0,0,0,0,0,0,0,0,0,0,0,0,0,0,0,0.76041,-0.64945
0,0,0,0,0,0,0,0,0,0,0,0.062994,0.062994,0.31497,0.94491,0,0,0,0,0,0,0,0,0,0,0,0,0,0,0,0,-0.97992,0.19937
0,0,0.069589,0,0,0,0,0,0,0,0,0.034794,0.034794,0.41753,0.90466,0,0,0,0,0,0,0,0,0,0,0,0,0,0,0,0,-0.97237,0.23345
0,0,0,0,0,0,0,0,0,0,0,0.44598,0.22299,0.44598,0.74329,0,0,0,0,0,0,0,0,0,0,0,0,0,0,0,0,-0.96363,0.26724
0,0,0.084215,0,0,0,0,0,0,0,0,0.028072,0.028072,0.75794,0.64565,0,0,0,0,0,0,0,0,0,0,0,0,0,0,0,0,-0.94693,0.32144
0,0,0,0,0,0,0,0,0,0,0,0.1659,0.036867,0.29493,0.9401,0,0,0,0,0,0,0,0,0,0.018433,0,0,0,0,0,0,-0.8682,0.49622
0,0,0.033596,0,0,0,0,0,0,0,0,0.033596,0,0.33596,0.94068,0,0,0,0,0,0,0,0,0,0,0,0,0,0,0,0,-0.85035,0.52621
0,0,0.082956,0,0,0,0,0,0,0,0,0.041478,0,0.58069,0.80882,0,0,0,0,0,0,0,0,0,0,0,0,0,0,0,0,-0.9222,0.38671
0,0,0.028712,0,0,0,0,0,0,0,0,0.086137,0.028712,0.54554,0.83266,0,0,0,0,0,0,0,0,0,0,0,0,0,0,0,0,-0.96479,0.26303
0,0,0.016197,0,0,0,0,0,0,0,0.032393,0.11338,0.064786,0.35632,0.92321,0,0,0,0,0,0,0,0,0,0.04859,0,0,0,0,0,0,-0.75756,0.65276
0,0,0.043292,0.028862,0,0,0,0,0,0,0,0,0,0.60609,0.79369,0,0,0,0,0,0,0,0,0,0,0,0,0,0,0,0,-0.89879,0.43837
0,0,0.058521,0,0,0,0,0,0,0,0,0.058521,0,0.76077,0.64373,0,0,0,0,0,0,0,0,0,0,0,0,0,0,0,0,-0.987,0.16074
0,0,0,0,0,0,0,0,0,0,0,0,0,0.15596,0.98776,0,0,0,0,0,0,0,0,0,0,0,0,0,0,0,0,-0.98325,0.18224
0,0,0,0,0,0,0,0,0,0,0,0.016079,0.016079,0.46629,0.88434,0,0,0,0,0,0,0,0,0,0,0,0,0,0,0,0,-0.65935,0.75184
0,0,0.029517,0,0,0,0,0,0,0,0,0.014759,0,0.28041,0.95931,0,0,0,0,0,0,0,0,0,0,0,0,0,0,0,0,-0.88499,0.46561
0,0,0,0,0,0,0,0,0,0,0,0.3723,0,0.3066,0.87601,0,0,0,0,0,0,0,0,0,0,0,0,0,0,0,0,-0.91531,0.40275
0,0,0.046225,0,0,0,0,0,0,0,0.046225,0.23113,0.1849,0.3698,0.87828,0,0,0,0,0,0,0,0,0,0,0,0,0,0,0,0,-0.5628,0.82659
0,0,0.027451,0,0,0,0,0,0,0,0,0.027451,0,0.35687,0.93335,0,0,0,0,0,0,0,0,0,0,0,0,0,0,0,0,-0.087156,-0.99619
0,0,0.070888,0,0,0,0,0,0,0,0,0.5671,0.14178,0.77977,0.21266,0,0,0,0,0,0,0,0,0,0,0,0,0,0,0,0,-0.48099,-0.87673
0,0,0.06868,0.06868,0,0,0,0,0,0,0,0.06868,0.06868,0.54944,0.82416,0,0,0,0,0,0,0,0,0,0,0,0,0,0,0,0,-0.99756,0.069756
0,0,0.040614,0,0,0,0,0,0,0,0,0.020307,0,0.44675,0.8935,0,0,0,0,0,0,0,0,0,0,0,0,0,0,0,0,-0.78801,-0.61566
0,0,0,0,0,0,0,0,0,0,0.018871,0.20758,0.1321,0.33968,0.90582,0,0,0,0,0,0,0,0,0,0.056614,0,0,0,0,0,0,-0.8725,0.48862
0,0,0,0,0,0,0,0,0,0,0,0,0,0.11462,0.99341,0,0,0,0,0,0,0,0,0,0,0,0,0,0,0,0,-0.98629,0.16505
0,0,0.055728,0,0,0,0,0,0,0,0,0.055728,0,0.89165,0.44582,0,0,0,0,0,0,0,0,0,0,0,0,0,0,0,0,-0.9954,-0.095846
0,0,0,0,0,0,0,0,0,0,0,0,0,0.2075,0.97823,0,0,0,0,0,0,0,0,0,0,0,0,0,0,0,0,-0.40674,-0.91355
0,0,0,0,0,0,0,0,0,0,0,0,0,0.31623,0.94868,0,0,0,0,0,0,0,0,0,0,0,0,0,0,0,0,-0.3665,-0.93042
0,0,0.013993,0.013993,0,0,0,0,0,0,0,0,0,0.11195,0.99352,0,0,0,0,0,0,0,0,0,0,0,0,0,0,0,0,-0.60876,-0.79335
0,0,0.025468,0,0,0,0,0,0,0,0,0.038202,0,0.19101,0.98051,0,0,0,0,0,0,0,0,0,0,0,0,0,0,0,0,-0.35837,-0.93358
0,0,0,0,0,0,0,0,0,0,0,0.42545,0.094544,0.35454,0.82726,0,0,0,0,0,0,0,0,0,0,0,0,0,0,0,0,-0.1132,-0.99357
1,0,0,0,0,0,0,0,0,0,0,0.99413,0.076472,0.076472,0,0,0,0,0,0,0,0,0,0,0,0,0,0,0,0,0,-0.55194,-0.83389
1,0,0,0,0,0,0,0,0,0.050621,0,0.9871,0.12655,0.02531,0,0,0,0,0,0,0,0,0,0,0.075931,0.02531,0,0,0,0,0,-0.35837,-0.93358
1,0,0,0,0,0,0,0,0,0,0,0.99723,0.066482,0.033241,0,0,0,0,0,0,0,0,0,0,0,0,0,0,0,0,0,0.10019,-0.99497
1,0,0,0,0,0,0,0,0,0,0,0.99634,0.047445,0.071167,0,0,0,0,0,0,0,0,0,0,0,0,0,0,0,0,0,-0.41072,-0.91176
1,0,0,0,0,0,0,0,0,0,0,0.99865,0.046449,0.023224,0,0,0,0,0,0,0,0,0,0,0,0,0,0,0,0,0,-0.99999,-0.0043633
1,0,0.045644,0,0,0,0,0,0,0,0,0.95851,0.045644,0.27386,0.045644,0,0,0,0,0,0,0,0,0,0,0,0,0,0,0,0,1.22E-16,-1
1,0,0,0,0,0,0,0,0,0,0,0.99837,0.05705,0,0,0,0,0,0,0,0,0,0,0,0,0,0,0,0,0,0,-0.99452,0.10453
1,0,0,0,0,0,0,0,0,0,0,0.99854,0.053975,0,0,0,0,0,0,0,0,0,0,0,0,0,0,0,0,0,0,-0.61566,-0.78801
1,0,0,0,0,0,0,0,0,0,0,0.99784,0.062365,0.020788,0,0,0,0,0,0,0,0,0,0,0,0,0,0,0,0,0,-0.21218,-0.97723
1,0,0,0,0,0,0,0,0,0,0,0.95346,0.28604,0.095346,0,0,0,0,0,0,0,0,0,0,0,0,0,0,0,0,0,0.49242,-0.87036
1,0,0,0,0,0,0,0,0,0,0,0.99846,0.05547,0,0,0,0,0,0,0,0,0,0,0,0,0,0,0,0,0,0,0.2207,-0.97534
1,0,0,0,0,0,0,0,0,0,0,0.95925,0.17441,0.17441,0.13081,0,0,0,0,0,0,0,0,0,0.043602,0,0,0,0,0,0,0.25038,-0.96815
1,0,0,0,0,0,0,0,0,0,0,0.97014,0.24254,0,0,0,0,0,0,0,0,0,0,0,0,0,0,0,0,0,0,0.53361,-0.84573
1,0,0,0,0,0,0,0,0,0,0,0.95346,0.28604,0.095346,0,0,0,0,0,0,0,0,0,0,0,0,0,0,0,0,0,0.51129,-0.85941
1,0,0,0,0,0,0,0,0,0,0,0.97014,0,0.24254,0,0,0,0,0,0,0,0,0,0,0,0,0,0,0,0,0,0.78532,-0.61909
1,0,0,0,0,0,0,0,0,0,0.82035,0.52926,0.079388,0.052926,0.052926,0,0,0,0,0,0,0,0,0,0.18524,0.026463,0,0,0,0,0,0.021815,-0.99976
1,0,0,0,0,0,0,0,0,0,0,0.94346,0.31449,0.10483,0,0,0,0,0,0,0,0,0,0,0,0,0,0,0,0,0,0.63608,-0.77162
1,0,0,0,0,0,0,0,0,0,0.43386,0.21693,0.75926,0,0,0,0,0,0,0,0,0,0,0,0.43386,0,0,0,0,0,0,-0.99813,0.061049
1,0,0,0,0,0,0,0,0,0,0,0.98341,0.12827,0.12827,0,0,0,0,0,0,0,0,0,0,0,0,0,0,0,0,0,-0.98965,0.14349
1,0,0,0,0,0,0,0,0,0,0,0.94868,0.21082,0,0.21082,0,0,0,0,0,0.10541,0,0,0,0,0,0,0,0,0,0,-0.98079,0.19509
1,0,0,0,0,0,0,0,0,0,0,0.99656,0.058621,0.058621,0,0,0,0,0,0,0,0,0,0,0,0,0,0,0,0,0,-0.91176,0.41072
1,0,0,0,0,0,0,0,0,0,0.13704,0.82223,0.47963,0,0,0,0,0,0,0,0,0,0,0,0.27408,0,0,0,0,0,0,-0.97338,0.2292
1,0,0,0,0,0,0,0,0,0,0,0.96582,0.25416,0.050833,0,0,0,0,0,0,0,0,0,0,0,0,0,0,0,0,0,-0.95372,0.30071
1,0,0,0,0,0,0,0,0,0,0,0.99655,0.083045,0,0,0,0,0,0,0,0,0,0,0,0,0,0,0,0,0,0,-0.99756,-0.069756
1,0,0,0,0,0,0,0,0,0,0,0.99635,0.056934,0.056934,0,0,0,0,0,0,0,0,0,0,0,0,0.028467,0,0,0,0,-0.98481,0.17365
1,0,0.078872,0,0,0,0,0,0,0,0,0.67041,0.19718,0.59154,0.39436,0,0,0,0,0,0,0,0,0,0,0,0,0,0,0,0,-0.95757,0.2882
1,0,0,0,0,0,0,0,0,0,0,0.95321,0.29329,0.073324,0,0,0,0,0,0,0,0,0,0,0,0,0,0,0,0,0,-0.94264,0.33381
1,0,0,0,0,0,0,0,0,0,0,0.99014,0.13816,0.023027,0,0,0,0,0,0,0,0,0,0,0,0,0,0,0,0,0,-0.93358,0.35837
1,0,0,0,0,0,0,0,0,0,0,0.99937,0.031726,0.015863,0,0,0,0,0,0,0,0,0,0,0,0,0,0,0,0,0,-0.99692,0.078459
1,0,0,0,0,0,0,0,0,0,0,0.98788,0.10976,0.10976,0,0,0,0,0,0,0,0,0,0,0,0,0,0,0,0,0,-0.99307,0.11754
1,0,0,0,0,0,0,0,0,0,0.83152,0.22678,0.22678,0,0,0,0,0,0,0,0,0,0,0,0.45356,0,0,0,0,0,0,-0.90446,0.42657
1,0,0,0,0,0,0,0,0,0,0,0.99504,0.099504,0,0,0,0,0,0,0,0,0,0,0,0,0,0,0,0,0,0,-0.91531,0.40275
1,0,0,0,0,0,0,0,0,0,0,0.97307,0.20851,0.069505,0,0,0,0,0,0,0,0.069505,0,0,0,0,0,0,0,0,0,-0.96126,0.27564
1,0,0,0,0,0,0,0,0,0,0.030632,0.99553,0.076579,0,0,0,0,0,0,0,0,0,0,0,0.045948,0,0,0,0,0,0,-0.96479,0.26303
1,0,0,0,0,0,0,0,0,0,0,0.98125,0.13628,0.10903,0.081771,0,0,0,0,0,0,0,0,0,0,0,0,0,0,0,0,-0.31316,-0.9497
1,0,0,0,0,0,0,0,0,0,0,0.99515,0.093296,0.031099,0,0,0,0,0,0,0,0,0,0,0,0,0,0,0,0,0,-0.29654,-0.95502
1,0,0,0,0,0,0,0,0,0,0,0.93633,0.35112,0,0,0,0,0,0,0,0,0,0,0,0,0,0,0,0,0,0,-0.5,-0.86603
1,0,0,0,0,0,0,0,0,0,0,0.94022,0.33848,0.037609,0,0,0,0,0,0,0,0,0,0,0,0,0,0,0,0,0,-0.30486,-0.9524
1,0,0,0,0,0,0,0,0,0,0,0.98535,0.10652,0,0,0,0,0,0,0,0,0,0,0,0.13316,0,0,0,0,0,0,-0.026177,-0.99966
2,0.5,0,0,0,0,0,0,0.5,0.5,0,0,0,0,0,0,0,0,0,0,0,0,0,0,0.5,0,0,0,0,0,0,-0.99923,-0.03926
2,0.57735,0,0,0,0,0,0,0.57735,0,0,0,0,0,0,0,0,0,0,0,0,0,0,0,0.57735,0,0,0,0,0,0,-0.76323,0.64612
2,0.70711,0,0,0,0,0,0,0.70711,0,0,0,0,0,0,0,0,0,0,0,0,0,0,0,0,0,0,0,0,0,0,-0.2292,-0.97338
2,0,0,0,0,0,0,0,0,1,0,0,0,0,0,0,0,0,0,0,0,0,0,0,0,0,0,0,0,0,0,-0.23345,-0.97237
2,0.44721,0,0,0,0,0,0,0.44721,0.44721,0,0,0.44721,0,0,0,0,0,0,0,0,0,0,0,0.44721,0,0,0,0,0,0,-0.89298,-0.4501
2,0.40825,0,0,0,0,0,0,0.40825,0,0,0,0,0,0,0,0,0,0,0,0,0,0,0,0.8165,0,0,0,0,0,0,-0.98325,-0.18224
2,0.37796,0,0,0,0,0,0,0.37796,0.37796,0,0,0,0,0,0,0,0,0,0,0,0,0,0,0.75593,0,0,0,0,0,0,-0.97992,-0.19937
2,0.2582,0,0,0,0,0,0,0.2582,0.5164,0,0,0,0,0,0,0,0,0,0,0,0,0,0,0.7746,0,0,0,0,0,0,-0.37865,-0.92554
2,0.57735,0,0,0,0,0,0,0.57735,0,0,0,0,0,0,0,0,0,0,0,0,0,0,0,0.57735,0,0,0,0,0,0,-0.96005,-0.27983
2,0.30151,0,0,0,0,0,0,0.30151,0,0,0,0,0,0,0,0,0,0,0,0,0,0,0,0.90453,0,0,0,0,0,0,-0.97338,-0.2292
2,0.37796,0,0,0,0,0,0,0.37796,0.37796,0,0,0,0,0,0,0,0,0,0,0,0,0,0,0.75593,0,0,0,0,0,0,-0.98836,0.15212
2,0.57735,0,0,0,0,0,0,0.57735,0,0,0,0,0,0,0,0,0,0,0,0,0,0,0,0.57735,0,0,0,0,0,0,-0.94832,0.3173
2,0.37796,0,0,0,0,0,0,0.37796,0.37796,0,0,0,0,0,0,0,0,0,0,0,0,0,0,0.75593,0,0,0,0,0,0,-0.87462,0.48481
2,0.30151,0,0,0,0,0,0,0.30151,0,0,0,0,0,0,0,0,0,0,0,0,0,0,0,0.90453,0,0,0,0,0,0,-0.21644,-0.9763
2,0.5,0,0,0,0,0,0,0.5,0.5,0,0,0,0,0,0,0,0,0,0,0,0,0,0,0.5,0,0,0,0,0,0,-0.5807,-0.81412
2,0.27735,0,0,0,0,0,0,0.27735,0.27735,0.27735,0,0,0,0,0,0,0,0,0,0,0,0,0,0.83205,0,0,0,0,0,0,-0.71934,-0.69466
2,0.44721,0,0,0,0,0,0,0.44721,0.44721,0,0,0.44721,0,0,0,0,0,0,0,0,0,0,0,0.44721,0,0,0,0,0,0,-0.62932,-0.77715
2,0.31623,0,0,0,0,0,0,0,0,0,0,0,0,0,0,0,0,0,0,0,0,0,0,0.94868,0,0,0,0,0,0,-0.99996,-0.0087265
2,0.5,0,0,0,0,0,0,0.5,0.5,0,0,0,0,0,0,0,0,0,0,0,0,0,0,0.5,0,0,0,0,0,0,-0.99863,0.052336
2,0.2582,0,0,0,0,0,0,0.2582,0.5164,0,0,0,0,0,0,0,0,0,0,0,0,0,0,0.7746,0,0,0,0,0,0,-0.23345,-0.97237
2,0.37796,0,0,0,0,0,0,0.37796,0.37796,0,0,0,0,0,0,0,0,0,0,0,0,0,0,0.75593,0,0,0,0,0,0,-0.71325,-0.70091
2,0.37796,0,0,0,0,0,0,0.37796,0.37796,0,0,0,0,0,0,0,0,0,0,0,0,0,0,0.75593,0,0,0,0,0,0,-0.75184,-0.65935
2,0.44721,0,0,0,0,0,0,0.44721,0.44721,0,0,0.44721,0,0,0,0,0,0,0,0,0,0,0,0.44721,0,0,0,0,0,0,-0.32557,-0.94552
2,0.5,0,0,0,0,0,0,0.5,0.5,0,0,0,0,0,0,0,0,0,0,0,0,0,0,0.5,0,0,0,0,0,0,-0.53361,-0.84573
2,0.40825,0,0,0,0,0,0,0.40825,0,0,0,0,0,0,0,0,0,0,0,0,0,0,0,0.8165,0,0,0,0,0,0,-0.98629,0.16505
2,0.31623,0,0,0,0,0,0,0.31623,0.63246,0,0,0,0,0,0,0,0,0,0,0,0,0,0,0.63246,0,0,0,0,0,0,-0.51504,-0.85717
2,0.5,0,0,0,0,0,0,0.5,0.5,0,0,0,0,0,0,0,0,0,0,0,0,0,0,0.5,0,0,0,0,0,0,-0.77439,-0.63271
2,0.57735,0,0,0,0,0,0,0.57735,0,0,0,0,0,0,0,0,0,0,0,0,0,0,0,0.57735,0,0,0,0,0,0,-0.99497,0.10019
2,0.35355,0,0,0,0,0,0,0.35355,0.35355,0,0,0,0,0,0,0,0,0,0,0,0,0,0,0.35355,0,0.70711,0,0,0,0,-0.021815,-0.99976
2,0.70711,0,0,0,0,0,0,0.70711,0,0,0,0,0,0,0,0,0,0,0,0,0,0,0,0,0,0,0,0,0,0,-0.074108,-0.99725
2,0.40825,0,0,0,0,0,0,0.40825,0,0,0,0,0,0,0,0,0,0,0,0,0,0,0,0.8165,0,0,0,0,0,0,-0.36244,-0.93201
2,0.40825,0,0,0,0,0,0,0.40825,0,0,0,0,0,0,0,0,0,0,0,0,0,0,0,0.8165,0,0,0,0,0,0,-0.52992,-0.84805
2,0.57735,0,0,0,0,0,0,0.57735,0,0,0,0,0,0,0,0,0,0,0,0,0,0,0,0.57735,0,0,0,0,0,0,-0.77439,0.63271
2,0.16013,0,0,0,0,0,0,0.16013,0.16013,0,0,0,0,0,0,0,0,0,0,0,0,0,0,0.96077,0,0,0,0,0,0,-0.64612,-0.76323
2,0.40825,0,0,0,0,0,0,0.40825,0,0,0,0,0,0,0,0,0,0,0,0,0,0,0,0.8165,0,0,0,0,0,0,-0.97905,-0.20364
2,0.28868,0,0,0,0,0,0,0.28868,0.28868,0,0,0,0,0,0,0,0,0,0,0,0,0,0,0.86603,0,0,0,0,0,0,-0.99905,0.043619
2,0.37796,0,0,0,0,0,0,0.37796,0.37796,0,0,0,0,0,0,0,0,0,0,0,0,0,0,0.75593,0,0,0,0,0,0,-0.46561,-0.88499
2,0.5,0,0,0,0,0,0,0.5,0.5,0,0,0,0,0,0,0,0,0,0,0,0,0,0,0.5,0,0,0,0,0,0,-0.91355,-0.40674
2,0.21822,0,0,0,0,0,0,0.65465,0.21822,0,0,0,0,0,0,0,0,0,0,0,0,0,0,0.65465,0,0.21822,0,0,0,0,-0.92554,-0.37865
2,0.26726,0,0,0,0,0,0,0.53452,0,0,0,0,0,0,0,0,0,0,0,0,0,0,0,0.80178,0,0,0,0,0,0,-0.94832,-0.3173
2,0.37796,0,0,0,0,0,0,0.37796,0.37796,0,0,0,0,0,0,0,0,0,0,0,0,0,0,0.75593,0,0,0,0,0,0,-0.99923,0.03926
2,0.37796,0,0,0,0,0,0,0.37796,0.37796,0,0,0,0,0,0,0,0,0,0,0,0,0,0,0.75593,0,0,0,0,0,0,-0.96923,0.24615
2,0.57735,0,0,0,0,0,0,0.57735,0,0,0,0,0,0,0,0,0,0,0,0,0,0,0,0.57735,0,0,0,0,0,0,-0.94264,0.33381
2,0.5,0,0,0,0,0,0,0.5,0.5,0,0,0,0,0,0,0,0,0,0,0,0,0,0,0.5,0,0,0,0,0,0,0.052336,-0.99863
2,0.40825,0,0,0,0,0,0,0.40825,0.40825,0,0.40825,0.40825,0,0,0,0,0,0,0,0,0,0,0,0.40825,0,0,0,0,0,0,-0.99885,0.047978
2,0.40825,0,0,0,0,0,0,0.40825,0.40825,0,0.40825,0.40825,0,0,0,0,0,0,0,0,0,0,0,0.40825,0,0,0,0,0,0,-0.96705,-0.2546
2,0.5,0,0,0,0,0,0,0.5,0.5,0,0,0,0,0,0,0,0,0,0,0,0,0,0,0.5,0,0,0,0,0,0,-0.97992,-0.19937
2,0.26726,0,0,0,0,0,0,0.53452,0,0,0,0,0,0,0,0,0,0,0,0,0,0,0,0.80178,0,0,0,0,0,0,-0.98769,-0.15643
2,0.40825,0,0,0,0,0,0,0.40825,0,0,0,0,0,0,0,0,0,0,0,0,0,0,0,0.8165,0,0,0,0,0,0,-0.99966,-0.026177
2,0.33333,0,0,0,0,0,0,0.66667,0,0,0,0,0,0,0,0,0,0,0,0,0,0,0,0.66667,0,0,0,0,0,0,-0.9763,0.21644
2,0.40825,0,0,0,0,0,0,0.40825,0,0,0,0,0,0,0,0,0,0,0,0,0,0,0,0.8165,0,0,0,0,0,0,-0.75756,0.65276
2,0.35355,0,0,0,0,0,0,0.35355,0.35355,0,0,0.35355,0,0,0,0,0,0,0,0,0,0,0,0.70711,0,0,0,0,0,0,0.078459,-0.99692
2,0.27735,0,0,0,0,0,0,0.5547,0.5547,0,0,0,0,0,0,0,0,0,0,0,0,0,0,0.5547,0,0,0,0,0,0,-0.32969,-0.94409
2,0.2582,0,0,0,0,0,0,0.2582,0.7746,0,0,0,0,0,0,0,0,0,0,0,0,0,0,0.5164,0,0,0,0,0,0,-0.46175,-0.88701
2,0.17961,0,0,0,0,0,0,0.35921,0.17961,0,0,0,0,0,0,0,0,0,0,0,0,0,0,0.89803,0,0,0,0,0,0,-0.74022,-0.67237
2,0.1644,0,0,0,0,0,0,0.4932,0.1644,0,0,0.1644,0,0,0,0,0,0,0,0,0,0,0,0.82199,0,0,0,0,0,0,-0.54464,-0.83867
2,0.27735,0,0,0,0,0,0,0.27735,0.27735,0,0,0.27735,0,0,0,0,0,0,0,0,0,0,0,0.83205,0,0,0,0,0,0,-0.91531,-0.40275
2,0.33333,0,0,0,0,0,0,0.33333,0.33333,0,0.33333,0.33333,0,0,0,0,0,0,0,0,0,0,0,0.66667,0,0,0,0,0,0,-0.98245,0.18652
2,0.37796,0,0,0,0,0,0,0.37796,0.37796,0,0,0,0,0,0,0,0,0,0,0,0,0,0,0.75593,0,0,0,0,0,0,-0.91531,0.40275
2,0.22942,0,0,0,0,0,0,0.22942,0.22942,0,0,0,0,0,0,0,0,0,0,0,0,0,0,0.91766,0,0,0,0,0,0,-0.88089,0.47332
2,0.21822,0,0,0,0,0,0,0.43644,0,0,0,0,0,0,0,0,0,0,0,0,0,0,0,0.87287,0,0,0,0,0,0,-0.66588,0.74606
2,0.31623,0,0,0,0,0,0,0.31623,0.63246,0,0,0,0,0,0,0,0,0,0,0,0,0,0,0.63246,0,0,0,0,0,0,-0.41469,-0.90996
2,0.18257,0,0,0,0,0,0,0.36515,0,0,0,0,0,0,0,0,0,0,0,0,0,0,0,0.91287,0,0,0,0,0,0,-0.99497,-0.10019
2,0.2582,0,0,0,0,0,0,0.2582,0.5164,0,0,0,0,0,0,0,0,0,0,0,0,0,0,0.7746,0,0,0,0,0,0,0.2207,-0.97534
2,0.26726,0,0,0,0,0,0,0.53452,0.53452,0,0,0,0,0,0,0,0,0,0,0,0,0,0,0.53452,0,0.26726,0,0,0,0,-0.51129,-0.85941
2,0.28868,0,0,0,0,0,0,0.28868,0.28868,0,0,0,0,0,0,0,0,0,0,0,0,0,0,0.86603,0,0,0,0,0,0,-0.74022,-0.67237
2,0.57735,0,0,0,0,0,0,0.57735,0,0,0,0,0,0,0,0,0,0,0,0,0,0,0,0.57735,0,0,0,0,0,0,-0.99497,0.10019
2,0.33333,0,0,0,0,0,0,0.66667,0,0,0,0,0,0,0,0,0,0,0,0,0,0,0,0.66667,0,0,0,0,0,0,-0.27983,-0.96005
2,0.125,0,0,0.875,0,0,0,0.25,0.125,0,0,0,0,0,0,0,0,0,0,0,0,0,0,0.375,0,0,0,0,0,0,-0.40674,0.91355
2,0.40825,0,0,0,0,0,0,0.40825,0.40825,0,0,0,0,0,0.40825,0,0,0,0,0,0,0,0,0.40825,0,0.40825,0,0,0,0,0.030539,-0.99953
2,0.40825,0,0,0,0,0,0,0.8165,0.40825,0,0,0,0,0,0,0,0,0,0,0,0,0,0,0,0,0,0,0,0,0,-0.99725,-0.074108
2,0.37796,0,0,0,0,0,0,0.75593,0.37796,0,0,0,0,0,0,0,0,0,0,0,0,0,0,0.37796,0,0,0,0,0,0,-0.95106,0.30902
2,0.57735,0,0,0,0,0,0,0.57735,0,0,0,0,0,0,0,0,0,0,0,0,0,0,0,0.57735,0,0,0,0,0,0,0.62251,-0.78261
2,0.22942,0,0,0,0,0,0,0.68825,0,0,0,0,0,0,0,0,0,0,0,0,0,0,0,0.68825,0,0,0,0,0,0,-0.69466,-0.71934
2,0.26726,0,0,0,0,0,0,0.80178,0,0,0,0,0,0,0,0,0,0,0,0,0,0,0,0.53452,0,0,0,0,0,0,-0.97723,-0.21218
2,0.31623,0,0,0,0,0,0,0.63246,0.31623,0,0,0,0,0,0,0,0,0,0,0,0,0,0,0.63246,0,0,0,0,0,0,-0.97437,-0.22495
2,0,0,0,0,0,0,0,1,0,0,0,0,0,0,0,0,0,0,0,0,0,0,0,0,0,0,0,0,0,0,0.37056,-0.92881
2,0.57735,0,0,0,0,0,0,0.57735,0,0,0,0,0,0,0,0,0,0,0,0,0,0,0,0.57735,0,0,0,0,0,0,0.37056,-0.92881
2,0.37796,0,0,0,0,0,0,0.75593,0.37796,0,0,0,0,0,0,0,0,0,0,0,0,0,0,0.37796,0,0,0,0,0,0,-0.94693,-0.32144
2,0,0,0,0,0,0,0,1,0,0,0,0,0,0,0,0,0,0,0,0,0,0,0,0,0,0,0,0,0,0,-0.96815,-0.25038
2,0.26726,0,0,0,0,0,0,0.80178,0,0,0,0,0,0,0,0,0,0,0,0,0,0,0,0.53452,0,0,0,0,0,0,-0.96815,-0.25038
2,0.40825,0,0,0,0,0,0,0.8165,0,0,0,0,0,0,0,0,0,0,0,0,0,0,0,0.40825,0,0,0,0,0,0,-0.99027,0.13917
2,0.40825,0,0,0,0,0,0,0.40825,0,0,0,0,0,0,0,0,0,0,0,0,0,0,0,0.8165,0,0,0,0,0,0,-0.9524,0.30486
2,0.66667,0,0,0,0,0,0,0.66667,0,0,0,0,0,0,0,0,0,0,0,0,0,0,0,0.33333,0,0,0,0,0,0,-0.88295,0.46947
2,0.30151,0,0,0,0,0,0,0.90453,0,0,0,0,0,0,0,0,0,0,0,0,0,0,0,0.30151,0,0,0,0,0,0,-0.18652,-0.98245
2,0.37796,0,0,0,0,0,0,0.75593,0.37796,0,0,0,0,0,0,0,0,0,0,0,0,0,0,0.37796,0,0,0,0,0,0,-0.2546,-0.96705
2,0.40825,0,0,0,0,0,0,0.8165,0.40825,0,0,0,0,0,0,0,0,0,0,0,0,0,0,0,0,0,0,0,0,0,-0.66588,-0.74606
2,0.40825,0,0,0,0,0,0,0.8165,0,0,0,0,0,0,0,0,0,0,0,0,0,0,0,0.40825,0,0,0,0,0,0,0.10019,-0.99497
2,0.31623,0,0,0,0,0,0,0.63246,0.31623,0,0,0,0,0,0,0,0,0,0,0,0,0,0,0.63246,0,0,0,0,0,0,-0.99953,-0.030539
2,0,0,0,0,0,0,0,0,0.70711,0,0,0,0,0,0,0,0,0,0,0,0,0,0,0.70711,0,0,0,0,0,0,-0.99999,-0.0043633
2,0.57735,0,0,0,0,0,0,0.57735,0,0,0,0,0,0,0,0,0,0,0,0,0,0,0,0.57735,0,0,0,0,0,0,-0.99999,-0.0043633
2,0.37796,0,0,0,0,0,0,0.37796,0.37796,0,0,0,0,0,0,0,0,0,0,0,0,0,0,0.75593,0,0,0,0,0,0,0.59482,-0.80386
2,0.2582,0,0,0,0,0,0,0.5164,0.2582,0,0,0,0,0,0,0,0,0,0,0,0,0,0,0.7746,0,0,0,0,0,0,-0.52992,-0.84805
2,0.57735,0,0,0,0,0,0,0.57735,0.57735,0,0,0,0,0,0,0,0,0,0,0,0,0,0,0,0,0,0,0,0,0,-0.73135,-0.682
2,0.30151,0,0,0,0,0,0,0.30151,0,0,0,0,0,0,0,0,0,0,0,0,0,0,0,0.90453,0,0,0,0,0,0,0.3665,-0.93042
2,0.2582,0,0,0,0,0,0,0.5164,0.2582,0,0,0,0,0,0,0,0,0,0,0,0,0,0,0.7746,0,0,0,0,0,0,-0.50754,-0.86163
2,0.22361,0,0,0,0,0,0,0.67082,0.22361,0,0,0,0,0,0,0,0,0,0,0,0,0,0,0.67082,0,0,0,0,0,0,-0.98902,0.14781
2,0.28868,0,0,0,0,0,0,0.86603,0.28868,0,0,0,0,0,0,0,0,0,0,0,0,0,0,0.28868,0,0,0,0,0,0,0.37461,-0.92718
2,0.24254,0,0,0,0,0,0,0.97014,0,0,0,0,0,0,0,0,0,0,0,0,0,0,0,0,0,0,0,0,0,0,-0.99692,0.078459
2,0.31623,0,0,0,0,0,0,0.63246,0.31623,0,0,0,0,0,0,0,0,0,0,0,0,0,0,0.63246,0,0,0,0,0,0,0.16935,-0.98556
2,0.31623,0,0,0,0,0,0,0.63246,0.31623,0,0,0,0,0,0,0,0,0,0,0,0,0,0,0.63246,0,0,0,0,0,0,-0.03926,-0.99923
2,0.63246,0,0,0,0,0,0,0.63246,0.31623,0,0,0,0,0,0,0,0,0,0,0,0,0,0,0.31623,0,0,0,0,0,0,-0.35021,-0.93667
2,0.37796,0,0,0,0,0,0,0.75593,0.37796,0,0,0,0,0,0,0,0,0,0,0,0,0,0,0.37796,0,0,0,0,0,0,-0.5225,-0.85264
2,0,0,0,0,0,0,0,0,0,0,0,0,0,0,0,0,0,0,0,0,0,0,0,1,0,0,0,0,0,0,-0.9497,0.31316
2,0.40825,0,0,0,0,0,0,0.8165,0,0,0,0,0,0,0,0,0,0,0,0,0,0,0,0.40825,0,0,0,0,0,0,-0.9497,0.31316
2,0.57735,0,0,0,0,0,0,0.57735,0,0,0,0,0,0,0,0,0,0,0,0,0,0,0,0.57735,0,0,0,0,0,0,0.59832,-0.80125
2,0.33333,0,0,0,0,0,0,0.66667,0,0,0,0,0,0,0,0,0,0,0,0,0,0,0,0.66667,0,0,0,0,0,0,-0.95882,-0.28402
2,0.31623,0,0,0,0,0,0,0.63246,0.31623,0,0,0,0,0,0,0,0,0,0,0,0,0,0,0.63246,0,0,0,0,0,0,-0.88089,-0.47332
2,0.37796,0,0,0,0,0,0,0.75593,0.37796,0,0,0,0,0,0,0,0,0,0,0,0,0,0,0.37796,0,0,0,0,0,0,0.38671,-0.9222
2,0.57735,0,0,0,0,0,0,0.57735,0,0,0,0,0,0,0,0,0,0,0,0,0,0,0,0.57735,0,0,0,0,0,0,-0.90259,-0.43051
2,0.2582,0,0,0,0,0,0,0.5164,0.2582,0,0,0,0,0,0,0,0,0,0,0,0,0,0,0.7746,0,0,0,0,0,0,-0.91706,-0.39875
2,0.2132,0,0,0,0,0,0,0.8528,0.2132,0,0,0,0,0,0,0,0,0,0,0,0,0,0,0.4264,0,0,0,0,0,0,-0.93667,-0.35021
2,0.5,0,0,0,0,0,0,0.5,0.5,0,0,0,0,0,0,0,0,0,0,0,0,0,0,0.5,0,0,0,0,0,0,-0.99966,0.026177
2,0.66667,0,0,0,0,0,0,0.66667,0.33333,0,0,0,0,0,0,0,0,0,0,0,0,0,0,0,0,0,0,0,0,0,-0.97134,0.23769
2,0.57735,0,0,0,0,0,0,0.57735,0.57735,0,0,0,0,0,0,0,0,0,0,0,0,0,0,0,0,0,0,0,0,0,-0.94552,0.32557
2,0.31623,0,0,0,0,0,0,0.63246,0.31623,0,0,0,0,0,0,0,0,0,0,0,0,0,0,0.63246,0,0,0,0,0,0,0.23769,-0.97134
2,0.37796,0,0,0,0,0,0,0.37796,0.37796,0,0,0,0,0,0,0,0,0,0,0,0,0,0,0.75593,0,0,0,0,0,0,-0.96363,-0.26724
2,0.57735,0,0,0,0,0,0,0.57735,0,0,0,0,0,0,0,0,0,0,0,0,0,0,0,0.57735,0,0,0,0,0,0,-0.88902,-0.45787
2,0.5,0,0,0,0,0,0,0.5,0.5,0,0,0,0,0,0,0,0,0,0,0,0,0,0,0.5,0,0,0,0,0,0,-0.97338,-0.2292
2,0.31623,0,0,0,0,0,0,0.63246,0.31623,0,0,0,0,0,0,0,0,0,0,0,0,0,0,0.63246,0,0,0,0,0,0,-0.98481,-0.17365
2,0.44721,0,0,0,0,0,0,0.44721,0.44721,0,0,0,0,0,0,0,0,0,0,0,0,0,0.44721,0.44721,0,0,0,0,0,0,-0.99725,-0.074108
2,0.5164,0,0,0,0,0,0,0.7746,0.2582,0,0,0,0,0,0,0,0,0,0,0,0,0,0,0.2582,0,0,0,0,0,0,-0.97815,0.20791
2,0.37796,0,0,0,0,0,0,0.75593,0.37796,0,0,0,0,0,0,0,0,0,0,0.37796,0,0,0,0,0,0,0,0,0,0,-0.77162,0.63608
2,0.5,0,0,0,0,0,0,0.5,0.5,0,0,0,0,0,0,0,0,0,0,0,0,0,0,0.5,0,0,0,0,0,0,0.12187,-0.99255
2,0,0,0,0,0,0,0,0,1,0,0,0,0,0,0,0,0,0,0,0,0,0,0,0,0,0,0,0,0,0,-0.01309,-0.99991
2,0.30151,0,0,0,0,0,0,0.90453,0,0,0,0,0,0,0,0,0,0,0,0,0,0,0,0.30151,0,0,0,0,0,0,-0.017452,-0.99985
2,0,0,0,0,0,0,0,0,1,0,0,0,0,0,0,0,0,0,0,0,0,0,0,0,0,0,0,0,0,0,-0.43051,-0.90259
2,0.44721,0,0,0,0,0,0,0.89443,0,0,0,0,0,0,0,0,0,0,0,0,0,0,0,0,0,0,0,0,0,0,-0.43051,-0.90259
2,0,0,0,0,0,0,0,0,1,0,0,0,0,0,0,0,0,0,0,0,0,0,0,0,0,0,0,0,0,0,-0.5807,-0.81412
2,0.33333,0,0,0,0,0,0,0.66667,0,0,0,0,0,0,0,0,0,0,0,0,0,0,0,0.66667,0,0,0,0,0,0,-0.5807,-0.81412
2,0.57735,0,0,0,0,0,0,0.57735,0,0,0,0,0,0,0,0,0,0,0,0,0,0,0,0.57735,0,0,0,0,0,0,0.59131,-0.80644
2,0.28868,0,0,0,0,0,0,0.86603,0.28868,0,0,0,0,0,0,0,0,0,0,0,0,0,0,0.28868,0,0,0,0,0,0,-0.69151,-0.72236
2,0.26726,0,0,0,0,0,0,0.53452,0,0,0,0,0,0,0,0,0,0,0,0,0,0,0,0.80178,0,0,0,0,0,0,-0.98902,0.14781
2,0.5164,0,0,0,0,0,0,0.7746,0.2582,0,0,0,0,0,0,0,0,0,0,0,0,0,0,0.2582,0,0,0,0,0,0,-0.91879,0.39474
2,0.37796,0,0,0,0,0,0,0.37796,0.37796,0,0,0,0,0,0,0,0,0,0,0,0,0,0,0.75593,0,0,0,0,0,0,-0.89687,0.44229
2,0.37796,0,0,0,0,0,0,0.75593,0.37796,0,0,0,0,0,0,0,0,0,0,0,0,0,0,0.37796,0,0,0,0,0,0,-0.67559,0.73728
2,0.57735,0,0,0,0,0,0,0.57735,0.57735,0,0,0,0,0,0,0,0,0,0,0,0,0,0,0,0,0,0,0,0,0,0.43837,-0.89879
2,0.33333,0,0,0,0,0,0,0.66667,0,0,0,0,0,0,0,0,0,0,0,0,0,0,0,0.66667,0,0,0,0,0,0,-0.992,-0.1262
2,0.57735,0,0,0,0,0,0,0.57735,0.57735,0,0,0,0,0,0,0,0,0,0,0,0,0,0,0,0,0,0,0,0,0,0.55919,-0.82904
2,0.48507,0,0,0,0,0,0,0.72761,0,0,0,0,0,0,0,0,0,0,0,0,0,0,0,0.48507,0,0,0,0,0,0,-0.5,-0.86603
2,0.1543,0,0,0,0,0,0,0.77152,0,0,0,0,0,0,0,0,0,0,0,0,0,0,0,0.61721,0,0,0,0,0,0,-0.57,-0.82165
2,0.2582,0,0,0,0,0,0,0.7746,0.2582,0,0,0,0,0,0,0,0,0,0,0,0,0,0,0.5164,0,0,0,0,0,0,-0.99619,0.087156
2,0.2357,0,0,0,0,0,0,0.94281,0,0,0,0,0,0,0,0,0,0,0,0,0,0,0,0.2357,0,0,0,0,0,0,0.99692,0.078459
2,1,0,0,0,0,0,0,0,0,0,0,0,0,0,0,0,0,0,0,0,0,0,0,0,0,0,0,0,0,0,0.19081,-0.98163
3,0,0,0,0,0,0,0,0,0,0.96352,0,0,0,0,0,0,0,0,0,0,0,0,0,0.26764,0,0,0,0,0,0,0.38671,-0.9222
3,0,0,0,0,0,0,0,0,0,0.8165,0,0,0,0,0,0,0,0,0,0,0,0,0,0.40825,0,0.40825,0,0,0,0,-0.76884,-0.63944
3,0,0,0,0,0,0,0,0,0,0.97014,0,0,0,0,0,0,0,0,0,0,0,0,0,0.24254,0,0,0,0,0,0,-0.9954,0.095846
3,0,0,0,0,0,0,0,0,0,0.97014,0,0,0,0,0,0,0,0,0,0,0,0,0,0.24254,0,0,0,0,0,0,-0.67559,0.73728
3,0,0,0,0,0,0,0,0,0,0.91021,0.11378,0.17066,0.11378,0,0,0,0,0,0,0,0,0,0,0.34133,0,0,0,0,0,0,-0.54464,0.83867
3,0,0,0,0,0,0,0,0,0,0,0.94281,0.31427,0.078567,0,0,0,0,0,0,0,0,0,0,0.078567,0,0,0,0,0,0,0.85717,-0.51504
3,0,0,0,0,0,0,0,0,0,0.99827,0,0,0,0,0,0,0,0,0,0,0,0,0,0.058722,0,0,0,0,0,0,-0.92718,-0.37461
3,0,0,0,0,0,0,0,0,0,0.99228,0,0,0,0,0,0,0,0,0,0,0,0,0,0.12403,0,0,0,0,0,0,-0.99027,-0.13917
3,0,0,0,0,0,0,0,0,0,0.94868,0,0,0,0,0,0,0,0,0,0,0,0,0,0.31623,0,0,0,0,0,0,-0.99619,-0.087156
3,0,0,0,0,0,0,0,0,0,0.97718,0,0,0,0,0,0,0,0,0,0,0,0,0,0.21243,0,0,0,0,0,0,-0.73432,0.6788
3,0,0,0,0,0,0,0,0,0,0.57929,0.79272,0.1372,0.076223,0,0,0,0,0,0,0,0,0,0,0.10671,0,0,0,0,0,0,0.46947,-0.88295
3,0,0,0,0,0,0,0,0,0,0.99805,0,0,0,0,0,0,0,0,0,0,0,0,0,0,0,0,0,0,0,0.062378,-0.16074,-0.987
3,0,0,0,0,0,0,0,0,0,0.96225,0,0,0,0.19245,0,0,0,0,0,0,0,0,0,0.19245,0,0,0,0,0,0,-0.70091,-0.71325
3,0,0,0,0,0,0,0,0,0,0.91037,0,0,0,0,0,0,0,0,0,0,0,0,0,0.4138,0,0,0,0,0,0,-0.85717,-0.51504
3,0,0,0,0,0,0,0,0,0,1,0,0,0,0,0,0,0,0,0,0,0,0,0,0,0,0,0,0,0,0,-0.98836,-0.15212
3,0,0,0,0,0,0,0,0,0,0.98995,0,0,0,0,0,0,0,0,0,0,0,0,0,0.14142,0,0,0,0,0,0,-0.99786,-0.065403
3,0,0,0,0,0,0,0,0,0,0.96152,0,0,0,0,0,0,0,0,0,0,0,0,0,0.27472,0,0,0,0,0,0,-0.99953,0.030539
3,0,0.030934,0,0,0,0,0,0,0,0,0.92803,0.12374,0.24748,0.24748,0,0,0,0,0,0,0,0,0,0,0,0,0,0,0,0,0.074108,-0.99725
3,0,0,0,0,0,0,0,0,0,0.99388,0,0,0,0,0,0,0,0,0,0,0,0,0,0.11043,0,0,0,0,0,0,-0.10453,-0.99452
3,0,0,0,0,0,0,0,0,0.046474,0.83653,0.13942,0.092948,0,0,0.13942,0.13942,0,0,0,0,0,0,0,0.32532,0,0.32532,0,0.13942,0,0,-0.78801,-0.61566
3,0,0,0,0,0,0,0,0,0,0.94868,0,0,0,0,0,0,0,0,0,0,0,0,0,0.31623,0,0,0,0,0,0,-0.9563,-0.29237
3,0,0,0,0,0,0,0,0,0,0.99388,0,0,0,0,0,0,0,0.11043,0,0,0,0,0,0,0,0,0,0,0,0,-0.98079,-0.19509
3,0,0,0,0,0,0,0,0.049875,0.099751,0.89776,0,0,0,0,0,0,0,0,0,0,0,0,0,0.399,0.14963,0,0,0,0,0,-0.99953,0.030539
3,0,0,0,0,0,0,0,0,0,0.92848,0,0,0,0,0,0,0,0,0,0,0,0,0,0.37139,0,0,0,0,0,0,-0.88295,0.46947
3,0,0,0,0,0,0,0,0,0,0.99746,0,0,0,0,0,0,0,0,0,0,0.071247,0,0,0,0,0,0,0,0,0,0.49242,-0.87036
3,0,0,0,0,0,0,0,0,0,0.81373,0,0,0,0,0,0,0,0,0,0,0,0,0,0.58124,0,0,0,0,0,0,-0.88701,-0.46175
3,0,0,0,0,0,0,0,0,0,0.91924,0.14142,0.21213,0,0,0,0,0,0,0,0,0.070711,0,0.070711,0.28284,0,0,0,0,0,0,-0.97534,-0.2207
3,0,0,0,0,0,0,0,0,0,0.96152,0,0,0,0,0,0,0,0,0,0,0,0,0,0.27472,0,0,0,0,0,0,-0.99985,0.017452
3,0,0,0,0,0,0,0,0,0,0.9802,0,0,0,0.14003,0,0,0,0,0,0,0,0,0,0.14003,0,0,0,0,0,0,-0.91176,0.41072
3,0,0,0,0,0,0,0,0,0,1,0,0,0,0,0,0,0,0,0,0,0,0,0,0,0,0,0,0,0,0,-0.83147,0.55557
3,0,0,0,0,0,0,0,0,0,0,0.99504,0.099504,0,0,0,0,0,0,0,0,0,0,0,0,0,0,0,0,0,0,0.40275,-0.91531
3,0,0,0,0,0,0,0,0,0,0.97014,0,0,0,0,0,0,0,0,0,0,0,0,0,0.24254,0,0,0,0,0,0,0.18224,-0.98325
3,0,0,0,0,0,0,0,0,0,0,0.97333,0.16222,0,0,0,0,0,0,0,0,0,0,0,0.16222,0,0,0,0,0,0,-0.60182,-0.79864
3,0,0,0,0,0,0,0,0,0,0,0.99779,0.066519,0,0,0,0,0,0,0,0,0,0,0,0,0,0,0,0,0,0,-0.61909,-0.78532
3,0,0,0,0,0,0,0,0,0,0.98995,0,0,0,0,0,0,0,0,0,0,0,0,0,0.14142,0,0,0,0,0,0,-0.99786,0.065403
3,0,0,0,0,0,0,0,0,0,0.94868,0,0,0,0,0,0,0,0,0,0,0,0,0,0.31623,0,0,0,0,0,0,-0.9563,0.29237
3,0,0,0,0,0,0,0,0,0,0,0.97552,0.21899,0,0,0,0,0,0,0,0,0,0,0,0.019909,0,0,0,0,0,0,-0.83389,0.55194
3,0,0,0,0,0,0,0,0,0,0,0.82416,0.54944,0.13736,0,0,0,0,0,0,0,0,0,0,0,0,0,0,0,0,0,0.54097,-0.84104
3,0,0,0,0,0,0,0,0,0,0.99803,0,0,0,0,0,0,0,0,0,0,0.025591,0,0,0.051181,0,0,0.025591,0,0,0,-0.66913,-0.74314
3,0,0,0,0,0,0,0,0,0,0.94868,0,0,0,0,0,0,0,0,0,0,0,0,0,0.31623,0,0,0,0,0,0,-0.99497,0.10019
3,0,0,0,0,0,0,0,0,0,0.96386,0,0,0,0,0,0,0,0,0,0,0,0.080322,0,0.24097,0.080322,0,0,0,0,0,-0.95502,0.29654
3,0,0,0,0,0,0,0,0,0,0.86012,0.3052,0.027746,0.11098,0.38844,0,0,0,0,0,0,0,0,0,0.055491,0,0,0,0,0,0,0.17365,-0.98481
3,0,0,0,0,0,0,0,0,0,0.85714,0,0.28571,0,0,0,0,0,0,0,0,0,0,0,0.42857,0,0,0,0,0,0,-0.682,-0.73135
3,0,0,0,0,0,0,0,0,0,0.98995,0,0,0,0,0,0,0,0,0,0,0,0,0,0.14142,0,0,0,0,0,0,-0.99692,0.078459
3,0,0,0,0,0,0,0,0,0,0.98473,0,0,0,0.12309,0,0,0,0,0,0,0,0,0,0.12309,0,0,0,0,0,0,-0.90996,0.41469
3,0,0,0,0,0,0,0,0,0.26318,0.85534,0.065795,0.19739,0,0,0,0,0,0,0,0,0,0,0,0.39477,0,0,0,0,0,0,-0.64612,0.76323
3,0,0,0,0,0,0,0,0,0,0.98058,0,0,0,0,0,0,0,0,0,0,0,0,0,0.19612,0,0,0,0,0,0,0.85491,-0.51877
3,0,0,0,0,0,0,0,0,0,0.99844,0,0,0,0.024961,0,0,0,0,0,0,0,0,0,0.049922,0,0,0,0,0,0,-0.75756,-0.65276
3,0,0,0,0,0,0,0,0,0,0.94868,0,0,0,0,0,0,0,0,0,0,0,0,0,0.31623,0,0,0,0,0,0,-0.97437,-0.22495
3,0,0,0,0,0,0,0,0,0,0.97014,0,0,0,0,0,0,0,0,0,0,0,0,0,0.24254,0,0,0,0,0,0,-0.99756,0.069756
3,0,0,0,0,0,0,0,0,0,0,0.99321,0.11036,0,0,0,0,0,0,0,0,0,0,0,0.036786,0,0,0,0,0,0,-0.97338,0.2292
3,0,0,0,0,0,0,0,0,0,0.97642,0.065094,0.065094,0,0,0,0,0,0,0,0,0,0,0,0.19528,0,0,0,0,0,0,-0.95502,0.29654
3,0,0,0,0,0,0,0,0,0,0.99624,0,0,0,0,0,0,0,0,0,0,0,0,0,0.08663,0,0,0,0,0,0,-0.91176,0.41072
3,0,0,0,0,0,0,0,0,0,0.90482,0,0,0,0,0,0,0,0,0,0,0,0,0,0.4258,0,0,0,0,0,0,0.77439,-0.63271
3,0,0,0,0,0,0,0,0,0,0.97913,0,0.046625,0,0,0,0,0,0,0,0,0,0,0.046625,0.1865,0,0.046625,0,0,0,0,-0.9703,-0.24192
3,0,0,0,0,0,0,0,0,0,0.97855,0,0,0,0,0,0,0,0,0,0,0,0,0,0.20601,0,0,0,0,0,0,-0.96126,0.27564
3,0,0,0,0,0,0,0,0,0,0.97725,0,0,0,0,0,0,0,0,0,0,0,0,0,0.20574,0,0.051434,0,0,0,0,-0.79864,0.60182
3,0,0,0,0,0,0,0,0,0,0.99237,0,0,0,0,0,0,0,0,0,0,0.055132,0,0,0.11026,0,0,0,0,0,0,-0.10453,-0.99452
3,0,0,0,0,0,0,0,0,0,0.91287,0,0.18257,0,0,0,0,0,0,0,0,0,0,0,0.36515,0,0,0,0,0,0,-0.59832,-0.80125
3,0,0,0,0,0,0,0,0,0,0.97014,0,0,0,0,0,0,0,0,0,0,0,0,0,0.24254,0,0,0,0,0,0,-0.6788,-0.73432
3,0,0,0,0,0,0,0,0,0,0.79126,0.13188,0.13188,0.32969,0.13188,0,0,0,0,0,0,0,0,0,0.46157,0,0,0,0,0,0,-0.99953,-0.030539
3,0,0,0,0,0,0,0,0,0,0.99705,0,0,0,0,0,0,0,0,0,0,0,0,0,0.076696,0,0,0,0,0,0,-0.98245,0.18652
3,0,0,0,0,0,0,0,0,0,0.96384,0.087622,0.087622,0.17524,0.087622,0,0,0,0,0,0,0,0,0,0.13143,0,0,0,0,0,0,-0.82904,0.55919
3,0,0,0,0,0,0,0,0,0,0.9759,0,0,0,0,0,0,0,0,0,0,0,0,0,0.19518,0,0,0,0,0.09759,0,0.5,-0.86603
3,0,0,0,0,0,0,0,0,0,0.98937,0,0,0,0,0,0,0,0,0,0.027482,0,0,0,0.13741,0,0.027482,0,0,0,0.027482,-0.66262,-0.74896
3,0,0,0,0,0,0,0,0,0,0.95185,0.033398,0.033398,0.033398,0.016699,0,0,0,0,0,0,0,0,0,0.30059,0,0,0,0,0,0,-0.96923,-0.24615
3,0,0,0,0,0,0,0,0,0,0.96623,0,0,0,0,0,0,0,0,0,0,0,0,0,0.25766,0,0,0,0,0,0,-0.94118,0.33792
3,0,0,0,0,0,0,0,0,0,1,0,0,0,0,0,0,0,0,0,0,0,0,0,0,0,0,0,0,0,0,0.59482,-0.80386
3,0,0,0,0,0,0,0,0,0,0.99827,0,0,0,0,0,0,0,0,0,0.041595,0,0,0,0,0,0,0,0,0,0.041595,0.40674,-0.91355
3,0,0,0,0,0,0,0,0,0,0,0,0,0,0,0,0,0,0,0.032686,0.032686,0.4576,0,0,0,0,0,0,0,0.88252,0.098058,-0.0087265,-0.99996
3,0,0,0,0,0,0,0,0,0,0.99693,0,0,0,0,0,0,0,0,0,0,0,0,0,0.055385,0.055385,0,0,0,0,0,-0.18224,-0.98325
3,0,0,0,0,0,0,0,0.26261,0.13131,0.91915,0,0,0,0,0,0,0,0,0,0,0,0,0,0.26261,0,0,0,0,0,0,-0.27983,-0.96005
3,0,0,0,0,0,0,0,0,0,0,0,0,0,0,0,0,0,0,0,0,0,0,0,0,0,0,0,0,0,1,-0.32969,-0.94409
3,0,0,0,0,0,0,0,0.65275,0.373,0,0,0,0,0,0,0,0,0,0,0,0,0,0,0.65275,0.09325,0,0,0,0,0,-0.65606,-0.75471
3,0,0,0,0,0,0,0,0,0,0.98639,0,0,0,0,0,0,0,0,0,0,0,0,0,0.1644,0,0,0,0,0,0,-0.82165,-0.57
3,0,0,0,0,0,0,0,0,0,0.79007,0.11287,0.11287,0.11287,0.5079,0,0,0,0,0,0,0,0,0,0.28217,0,0,0,0,0,0,-0.96705,-0.2546
3,0,0,0,0,0,0,0,0,0,1,0,0,0,0,0,0,0,0,0,0,0,0,0,0,0,0,0,0,0,0,-0.99497,0.10019
3,0,0,0,0,0,0,0,0,0,0.87547,0.23039,0.18431,0.092155,0.18431,0,0,0,0,0,0,0,0,0,0.32254,0,0,0,0,0,0,-0.9205,0.39073
3,0,0,0,0,0,0,0,0,0,0,0.98314,0.17349,0.057831,0,0,0,0,0,0,0,0,0,0,0,0,0,0,0,0,0,0.53361,-0.84573
3,0,0,0,0,0,0,0,0,0,0.91699,0.15283,0.15283,0.15283,0.19104,0,0,0,0,0,0,0,0,0,0.22925,0,0,0,0,0,0,-0.10019,-0.99497
3,0,0,0,0,0,0,0,0,0,0.99123,0,0,0,0,0,0,0,0,0,0,0,0,0,0.13216,0,0,0,0,0,0,-0.39875,-0.91706
3,0,0,0,0,0,0,0,0,0,0.99442,0,0,0,0,0,0,0,0,0,0,0.024861,0,0,0.099442,0,0,0.024861,0,0,0,-0.74606,-0.66588
3,0,0,0,0,0,0,0,0,0,0.97014,0,0,0,0,0,0,0,0,0,0,0,0,0,0.24254,0,0,0,0,0,0,-0.99953,0.030539
3,0,0,0,0,0,0,0,0,0,0.9649,0,0.10721,0,0,0,0,0,0,0,0,0,0,0,0.21442,0,0.10721,0,0,0,0,-0.88701,0.46175
3,0,0,0,0,0,0,0,0,0,1,0,0,0,0,0,0,0,0,0,0,0,0,0,0,0,0,0,0,0,0,-0.78261,0.62251
3,0,0,0,0,0,0,0,0,0,0,0.99184,0.090167,0,0,0,0,0,0,0,0,0,0,0.090167,0,0,0,0,0,0,0,0.62592,-0.77988
3,0,0,0,0,0,0,0,0,0,0.97596,0,0,0,0,0,0,0,0,0,0,0,0,0,0.20547,0.051367,0.051367,0,0,0,0,0.50377,-0.86384
3,0,0,0,0,0,0,0,0,0,0.98058,0,0,0,0,0,0,0,0,0,0,0,0,0,0.19612,0,0,0,0,0,0,-0.5,-0.86603
3,0,0,0,0,0,0,0,0,0,0.94281,0,0.2357,0,0,0,0,0,0,0,0,0,0,0,0.2357,0,0,0,0,0,0,-0.75184,-0.65935
3,0,0,0,0,0,0,0,0,0,0.96674,0,0,0,0,0,0,0,0.048337,0,0,0,0,0,0.24168,0,0.048337,0,0,0,0.048337,-0.82904,-0.55919
3,0,0,0,0,0,0,0,0,0,0.82503,0.18334,0.27501,0,0,0,0,0,0,0,0,0,0,0,0.45835,0,0,0,0,0,0,-0.987,-0.16074
3,0,0,0,0,0,0,0,0,0,0.80829,0,0.11547,0,0,0,0,0,0,0,0,0,0,0,0.57735,0,0,0,0,0,0,-0.99725,0.074108
3,0,0,0,0,0,0,0,0,0.079305,0.79305,0.15861,0.23792,0.23792,0,0,0,0,0,0,0,0,0,0,0.47583,0,0,0,0,0,0,-0.96815,0.25038
3,0,0.094916,0,0,0,0,0,0,0,0,0.85424,0.28475,0.37966,0.18983,0,0,0,0,0,0,0,0,0,0,0,0,0,0,0,0,0.83147,-0.55557
3,0,0,0,0,0,0,0,0,0,0,0,0,0,0,0,0,0,0,0,0.016393,0.13115,0.42623,0,0,0,0,0,0,0.88525,0.13115,-0.75756,-0.65276
3,0,0,0,0,0,0,0,0,0,0.78826,0.2956,0.19707,0.2956,0.098533,0,0,0,0,0,0,0,0,0,0.39413,0,0,0,0,0,0,-0.98556,-0.16935
3,0,0,0,0,0,0,0,0,0,0.98058,0,0,0,0,0,0,0,0,0,0,0,0,0,0.19612,0,0,0,0,0,0,-0.98481,0.17365
3,0,0,0,0,0,0,0,0,0,1,0,0,0,0,0,0,0,0,0,0,0,0,0,0,0,0,0,0,0,0,-0.96126,0.27564
3,0,0,0,0,0,0,0,0,0,0.063119,0.94679,0.25248,0.18936,0,0,0,0,0,0,0,0,0,0,0,0,0,0,0,0,0,0.43445,-0.9007
3,0,0,0,0,0,0,0,0,0,0.99273,0.087594,0.058396,0,0,0,0,0,0,0,0,0,0,0,0.058396,0,0,0,0,0,0,0.13917,-0.99027
3,0,0,0,0,0,0,0,0,0,0.97701,0.093048,0.093048,0.093048,0,0,0,0,0,0,0,0,0,0,0.13957,0,0,0,0,0,0,-0.99756,0.069756
3,0,0,0,0,0,0,0,0,0,0.97014,0,0,0,0,0,0,0,0,0,0,0,0,0,0.24254,0,0,0,0,0,0,-0.82659,0.5628
3,0,0,0,0,0,0,0,0,0,0,0.97231,0,0.12964,0.19446,0,0,0,0,0,0,0,0,0,0,0,0,0,0,0,0,-0.77988,0.62592
3,0,0,0,0,0,0,0,0,0,0.99746,0,0,0,0,0,0,0,0,0,0,0,0,0,0.071247,0,0,0,0,0,0,-0.72236,0.69151
3,0,0,0,0,0,0,0,0,0,1,0,0,0,0,0,0,0,0,0,0,0,0,0,0,0,0,0,0,0,0,-0.13053,-0.99144
3,0,0,0,0,0,0,0,0,0,0.99846,0,0,0,0,0,0,0,0,0,0,0,0,0,0.05547,0,0,0,0,0,0,-0.47332,-0.88089
3,0,0,0,0,0,0,0,0,0,0,0.99594,0.079675,0.039837,0.013279,0,0,0,0,0,0,0,0,0,0,0,0,0,0,0,0,-0.83867,-0.54464
3,0,0,0,0,0,0,0,0,0,0.98058,0,0,0,0,0,0,0,0,0,0,0,0,0,0.19612,0,0,0,0,0,0,-0.99839,-0.056693
3,0,0,0,0,0,0,0,0,0,0.98995,0,0,0,0,0,0,0,0,0,0,0,0,0,0.14142,0,0,0,0,0,0,-0.96815,0.25038
3,0,0,0,0,0,0,0,0,0,0.94569,0,0,0,0,0,0,0,0,0,0,0,0,0,0.32508,0,0,0,0,0,0,-0.87462,0.48481
3,0,0,0,0,0,0,0,0,0,0.98776,0,0,0,0,0,0,0,0,0,0,0,0,0,0.15596,0,0,0,0,0,0,-0.57715,0.81664
3,0,0,0,0,0,0,0,0,0,0,0.93638,0.3405,0,0,0,0,0,0,0,0,0,0,0,0.085126,0,0,0,0,0,0,-0.16074,-0.987
3,0,0,0,0,0,0,0,0,0,0.97014,0,0,0,0,0,0,0,0,0,0,0,0,0,0.24254,0,0,0,0,0,0,-0.39875,-0.91706
3,0,0,0,0,0,0,0,0,0,0.97014,0,0,0,0,0,0,0,0,0,0,0,0,0,0.24254,0,0,0,0,0,0,-0.66588,-0.74606
3,0,0,0,0,0,0,0,0,0,0.98639,0,0,0,0,0,0,0,0,0,0,0,0,0,0.1644,0,0,0,0,0,0,-0.79335,-0.60876
3,0,0,0,0,0,0,0,0,0,0.93633,0,0,0,0,0,0,0,0,0,0,0,0,0,0.35112,0,0,0,0,0,0,-0.98245,0.18652
3,0,0.047891,0,0,0,0,0,0,0,0,0.81415,0.047891,0.43102,0.38313,0,0,0,0,0,0,0,0,0,0,0,0,0,0,0,0,0.25882,-0.96593
3,0,0,0,0,0,0,0,0,0,0.98308,0,0,0,0,0,0,0,0,0.081923,0,0,0,0,0.16385,0,0,0,0,0,0,-0.26303,-0.96479
3,0,0,0,0,0,0,0,0,0,0.98058,0,0,0,0,0,0,0,0,0,0,0,0,0,0.19612,0,0,0,0,0,0,-0.9954,-0.095846
3,0,0,0,0,0,0,0,0,0,0.99805,0,0,0,0,0,0,0,0,0,0,0,0,0,0.062378,0,0,0,0,0,0,-0.99991,-0.01309
3,0,0,0,0,0,0,0,0,0,0.95783,0,0,0,0,0,0,0,0,0,0,0,0,0,0.28735,0,0,0,0,0,0,-0.96479,0.26303
3,0,0,0,0,0,0,0,0,0,0.99451,0,0,0,0,0,0,0,0,0,0,0,0,0,0.10468,0,0,0,0,0,0,-0.84339,0.5373
3,0,0,0,0,0,0,0,0,0,0.96882,0.066815,0.10022,0.13363,0.13363,0,0,0,0,0,0,0.033408,0,0,0.10022,0,0,0,0,0,0,-0.75471,0.65606
3,0,0,0,0,0,0,0,0,0,0.99926,0,0,0,0,0,0,0,0,0,0,0,0,0,0.038433,0,0,0,0,0,0,-0.59832,0.80125
3,0,0,0,0,0,0,0,0,0,0,0.99228,0.12403,0,0,0,0,0,0,0,0,0,0,0,0,0,0,0,0,0,0,0.61566,-0.78801
3,0,0,0,0,0,0,0,0,0,0.68973,0.39413,0.2956,0.19707,0,0,0,0,0,0,0,0,0,0,0.49266,0,0,0,0,0,0,0.4501,-0.89298
3,0,0,0,0,0,0,0,0,0,0.94868,0,0,0,0,0,0,0,0,0,0,0,0,0,0.31623,0,0,0,0,0,0,0.052336,-0.99863
3,0,0,0,0,0,0,0,0,0.20851,0.62554,0,0,0,0,0,0,0,0,0,0,0,0,0,0.62554,0,0.41703,0,0,0,0,-0.32969,-0.94409
3,0,0,0,0,0,0,0,0,0,0.89443,0,0,0,0,0,0,0,0,0,0,0,0,0,0.44721,0,0,0,0,0,0,-0.46561,-0.88499
3,0,0,0,0,0,0,0,0,0,0.97342,0,0,0,0,0,0,0,0,0,0,0,0,0,0.22904,0,0,0,0,0,0,-0.84573,-0.53361
3,0,0,0,0,0,0,0,0,0,0.96336,0.083771,0.083771,0.083771,0.083771,0,0,0,0,0,0,0,0,0,0.20943,0,0,0,0,0,0,-0.98079,0.19509
3,0,0,0,0,0,0,0,0,0,0.95937,0.22573,0.11287,0.056433,0,0,0,0,0,0,0,0,0,0,0.11287,0,0,0,0,0,0,-0.79069,0.61222
3,0,0,0,0,0,0,0,0,0,0.99288,0,0,0,0,0,0,0,0,0,0,0,0,0,0.11915,0,0,0,0,0,0,0.85264,-0.5225
3,0,0,0,0,0,0,0,0,0,0.97333,0.16222,0.10815,0.054074,0,0,0,0,0,0,0,0,0,0,0.10815,0,0,0,0,0,0,-0.92718,-0.37461
3,0,0,0,0,0,0,0,0,0.37796,0.75593,0,0,0,0,0,0,0,0,0,0,0,0,0,0.37796,0,0.37796,0,0,0,0,-0.8682,0.49622
3,0,0,0,0,0,0,0,0,0,0.9916,0,0,0,0,0,0,0,0,0,0,0,0,0,0.12934,0,0,0,0,0,0,-0.5,-0.86603
3,0,0,0,0,0,0,0,0,0,0.98639,0,0,0,0,0,0,0,0,0,0,0,0,0,0.1644,0,0,0,0,0,0,-0.98769,-0.15643
3,0,0,0,0,0,0,0,0,0,0.97014,0,0,0,0,0,0,0,0,0,0,0,0,0,0.24254,0,0,0,0,0,0,-0.99813,-0.061049
3,0,0,0,0,0,0,0,0,0,0.94529,0.24876,0.14926,0,0,0,0,0,0,0,0,0,0,0,0.14926,0,0,0,0,0,0,-0.65276,0.75756
3,0,0,0,0,0,0,0,0,0,0,0.95467,0.23867,0.079556,0,0,0,0,0,0,0,0,0,0,0.15911,0,0,0,0,0,0,0.82165,-0.57
3,0,0,0,0,0,0,0,0,0,0,0,0,0,0,0,0.021888,0,0,0.076609,0.076609,0.098498,0.010944,0.021888,0,0,0,0,0.054721,0.98498,0.065665,0.15212,-0.98836
3,0,0,0,0,0,0,0,0,0,0.97049,0,0.10783,0,0,0,0,0,0,0,0,0,0,0,0.21567,0,0,0,0,0,0,-0.069756,-0.99756
3,0,0,0,0,0,0,0,0,0,0.90293,0,0.1693,0,0,0,0,0,0,0,0,0,0,0,0.39503,0,0,0,0,0,0,-0.94264,-0.33381
3,0,0,0,0,0,0,0,0,0,0.94346,0,0.10483,0,0,0,0,0,0,0,0,0,0,0,0.31449,0,0,0,0,0,0,-0.95372,0.30071
3,0,0,0,0,0,0,0,0,0,0,0,0,0,0,0,0.024876,0.024876,0.074628,0.049752,0.099504,0.47264,0.099504,0.099504,0,0,0,0,0.14926,0.84578,0,-0.9007,0.43445
3,0,0,0,0,0,0,0,0,0,0.70711,0,0,0,0,0,0,0,0,0,0,0,0,0,0,0,0.70711,0,0,0,0,-0.43837,-0.89879
3,0,0,0,0,0,0,0,0,0,0.98405,0,0,0,0,0,0,0,0,0,0,0,0,0,0.17366,0,0.03859,0,0,0,0,-0.38671,-0.9222
3,0,0,0,0,0,0,0,0,0,0.95492,0.1714,0.09794,0,0,0,0,0,0,0,0,0,0,0,0.22037,0,0.024485,0,0,0,0,-0.73135,-0.682
3,0,0,0,0,0,0,0,0,0,1,0,0,0,0,0,0,0,0,0,0,0,0,0,0,0,0,0,0,0,0,-0.79864,-0.60182
3,0,0,0,0,0,0,0,0,0,0.96458,0,0,0,0,0,0.050767,0,0,0,0,0,0,0,0.25384,0,0,0,0.050767,0,0,-0.5373,-0.84339
3,0,0,0,0,0,0,0,0,0,0.98788,0,0.10976,0,0,0,0,0,0,0,0,0,0,0,0.10976,0,0,0,0,0,0,-0.55919,-0.82904
3,0,0,0,0,0,0,0,0,0,1,0,0,0,0,0,0,0,0,0,0,0,0,0,0,0,0,0,0,0,0,-0.93819,-0.34612
3,0,0,0,0,0,0,0,0,0,1,0,0,0,0,0,0,0,0,0,0,0,0,0,0,0,0,0,0,0,0,-0.49242,-0.87036
3,0,0,0,0,0,0,0,0,0,0.93638,0,0.085126,0,0,0,0,0,0,0,0,0,0,0,0.3405,0,0,0,0,0,0,-0.75756,-0.65276
3,0,0,0,0,0,0,0,0,0,0.93831,0,0.10426,0,0.10426,0,0,0,0,0,0,0,0,0,0.31277,0,0,0,0,0,0,-0.87462,-0.48481
3,0,0,0,0,0,0,0,0,0,0.99656,0,0.058621,0,0,0,0,0,0,0,0,0,0,0,0.058621,0,0,0,0,0,0,-0.74606,-0.66588
3,0,0,0,0,0,0,0,0,0,0.98058,0,0,0,0,0,0,0,0,0,0,0,0,0,0.19612,0,0,0,0,0,0,-0.99027,-0.13917
3,0,0,0,0,0,0,0,0,0,0.98287,0,0,0,0,0,0,0,0,0,0,0,0,0,0.18429,0,0,0,0,0,0,-0.95372,0.30071
3,0,0,0,0,0,0,0,0,0.10976,0.98788,0,0,0,0,0,0,0,0,0,0,0,0,0,0.10976,0,0,0,0,0,0,-0.96005,0.27983
3,0,0,0,0,0,0,0,0,0,0.95258,0,0,0,0,0,0,0,0,0,0,0,0,0,0.27217,0,0.13608,0,0,0,0,-0.89879,0.43837
3,0,0,0,0,0,0,0,0,0,0.91287,0,0,0.18257,0,0,0,0,0,0,0,0,0,0,0.36515,0,0,0,0,0,0,-0.98079,0.19509
3,0,0,0,0,0,0,0,0,0,0.99015,0,0,0,0,0,0,0,0,0,0,0,0,0,0.099015,0,0.099015,0,0,0,0,-0.98163,0.19081
3,0,0,0,0,0,0,0,0,0,0.97543,0,0,0,0.069673,0,0,0,0,0,0,0,0,0,0.20902,0,0,0,0,0,0,-0.99905,0.043619
3,0,0,0,0,0,0,0,0,0,0.98995,0,0,0,0,0,0,0,0,0,0,0,0,0,0.14142,0,0,0,0,0,0,-0.96593,0.25882
3,0,0,0,0,0,0,0,0,0,0.99689,0,0,0,0,0,0,0,0,0,0,0,0,0,0.074767,0,0.024922,0,0,0,0,-0.90814,0.41866
4,0,0,0,0,0,0,0,0,0,0,0,0,0,0,0,0,0,0,0.025616,0.025616,0,0,0,0,0,0,0.99902,0,0.025616,0,-0.17365,-0.98481
4,0,0,0,0,0,0,0,0,0,0,0,0,0,0,0,0,0,0,0,0.02272,0.0075734,0,0,0,0,0,0.99968,0,0.0075734,0,0.796,-0.60529
4,0,0,0,0,0,0,0,0,0,0,0,0,0,0,0,0,0,0,0,0.0078123,0,0,0,0,0,0,0.99997,0,0,0,-0.90996,-0.41469
4,0,0,0,0,0,0,0,0,0,0,0,0,0,0,0,0,0,0,0,0.014491,0,0,0,0,0,0,0.99989,0,0,0,0.66262,-0.74896
4,0,0,0,0,0,0,0,0,0,0,0,0,0,0,0,0,0,0,0,0.0098961,0.029688,0,0,0,0,0,0.99951,0,0,0,0.71325,-0.70091
4,0,0,0,0,0,0,0,0,0,0,0,0,0,0,0,0,0,0,0,0.022466,0,0,0,0,0,0,0.99975,0,0,0,0.57358,-0.81915
4,0,0,0,0,0,0.70711,0,0,0,0,0,0,0,0,0,0,0,0,0,0,0,0,0,0,0,0,0.70711,0,0,0,0.74022,-0.67237
4,0,0,0,0,0,0,0,0,0,0,0,0,0,0,0,0,0,0,0,0.010988,0,0,0,0,0,0,0.99994,0,0,0,0.56641,-0.82413
4,0,0,0,0,0,0,0,0,0,0,0,0,0,0,0,0,0,0,0,0.021879,0.014586,0,0.0072931,0,0,0,0.99915,0.021879,0.021879,0,0.017452,-0.99985
4,0,0,0,0,0,0,0,0,0,0,0,0,0,0,0,0,0,0,0,0.0080643,0,0,0,0,0,0,0.99997,0,0,0,0.36244,-0.93201
4,0,0,0,0,0,0,0,0,0,0,0,0,0,0,0,0,0,0,0,0.066519,0,0,0,0,0,0,0.99779,0,0,0,0.81412,0.5807
4,0,0,0,0,0,0,0,0,0,0,0,0,0,0,0,0,0,0,0,0.14142,0,0,0,0,0,0,0.98995,0,0,0,0.93201,0.36244
4,0,0,0,0,0,0,0,0,0,0,0,0,0,0,0,0,0,0,0,0.062378,0,0,0,0,0,0,0.99805,0,0,0,-0.01309,0.99991
4,0,0,0,0,0,0,0,0,0,0,0,0,0,0,0,0,0,0,0,0.066519,0,0,0,0,0,0,0.99779,0,0,0,0.94409,0.32969
4,0,0,0,0,0,0,0,0,0,0,0,0,0,0,0,0,0,0,0,0.11043,0,0,0,0,0,0,0.99388,0,0,0,0.83629,0.54829
4,0,0,0,0,0,0,0,0,0,0,0,0,0,0,0,0,0,0,0,0.090167,0,0,0,0,0,0,0.99184,0.090167,0,0,0.72236,0.69151
4,0,0,0,0,0,0.72642,0,0,0,0,0,0,0,0,0,0,0,0,0,0.040357,0,0,0,0,0,0,0.68606,0,0,0,0.86384,-0.50377
4,0,0,0,0,0,0,0,0,0,0,0,0,0,0,0,0,0,0,0,0.082761,0,0,0,0,0,0,0.99313,0.082761,0,0,0.71934,0.69466
4,0,0,0,0,0,0,0,0,0,0,0,0,0,0,0,0,0,0,0,0.062378,0,0,0,0,0,0,0.99805,0,0,0,0.98245,-0.18652
4,0,0,0,0,0,0,0,0,0,0,0,0,0,0,0,0,0,0,0,0.16222,0,0,0,0,0,0,0.97333,0.16222,0,0,0.64612,0.76323
4,0,0,0,0,0,0,0,0,0,0,0,0,0,0,0,0,0,0,0,0.058722,0,0,0,0,0,0,0.99827,0,0,0,0.90814,0.41866
4,0,0,0,0,0,0,0,0,0,0,0,0,0,0,0,0,0,0,0,0.062378,0,0,0,0,0,0,0.99805,0,0,0,0.64612,0.76323
4,0,0,0,0,0,0,0,0,0,0,0,0,0,0,0,0,0,0,0,0.083045,0,0,0,0,0,0,0.99655,0,0,0,0.99885,0.047978
4,0,0,0,0,0,0,0,0,0,0,0,0,0,0,0,0,0,0,0,0.049938,0,0,0,0,0,0,0.99875,0,0,0,0.70401,0.71019
4,0,0,0,0,0,0,0,0,0,0,0,0,0,0,0,0,0,0,0,0.076696,0,0,0,0,0,0,0.99705,0,0,0,0.99996,0.0087265
4,0,0,0,0,0,0,0,0,0,0,0,0,0,0,0,0,0,0,0,0.12403,0,0,0,0,0,0,0.99228,0,0,0,0.63608,0.77162
4,0,0,0,0,0,0,0,0,0,0,0,0,0,0,0,0,0,0,0,0.066372,0,0,0,0,0,0,0.99558,0.066372,0,0,-0.1132,0.99357
4,0,0,0,0,0,0,0,0,0,0,0,0,0,0,0,0,0,0,0.071067,0.071067,0,0,0,0,0,0,0.99494,0,0,0,0.83867,-0.54464
4,0,0,0,0,0,0,0,0,0,0,0,0,0,0,0,0,0,0,0,0.045408,0,0,0,0,0,0,0.99897,0,0,0,0.99027,-0.13917
4,0,0,0,0,0,0,0,0,0,0,0,0,0,0,0,0,0,0,0,0.099015,0,0,0,0,0,0,0.99015,0.099015,0,0,0.75756,0.65276
4,0,0,0,0,0,0,0,0,0,0,0,0,0,0,0,0,0,0,0,0.043437,0,0,0,0,0,0,0.99906,0,0,0,0.96815,-0.25038
4,0,0,0,0,0,0,0,0,0,0,0,0,0,0,0,0,0,0,0,0.099504,0,0,0,0,0,0,0.99504,0,0,0,0.93514,0.35429
4,0,0,0,0,0,0,0,0,0,0,0,0,0,0,0,0,0,0,0,0.10976,0,0,0,0,0,0,0.98788,0.10976,0,0,0.80902,0.58779
4,0,0,0,0,0,0,0,0,0,0,0,0,0,0,0,0,0,0,0,0.090536,0,0,0,0,0,0,0.99589,0,0,0,0.98629,-0.16505
4,0,0,0,0,0,0,0,0,0,0,0,0,0,0,0,0,0,0,0,0.071247,0,0,0,0,0,0,0.99746,0,0,0,0.93358,0.35837
4,0,0,0,0,0,0,0,0,0,0,0,0,0,0,0,0,0,0,0,0.037012,0,0,0,0,0,0,0.99931,0,0,0,0.97134,-0.23769
4,0,0,0,0,0,0,0,0,0,0,0,0,0,0,0,0,0,0,0,0.076472,0,0,0,0,0,0,0.99413,0.076472,0,0,0.53361,0.84573
4,0,0,0,0,0,0,0,0,0,0,0,0,0,0,0,0,0,0,0,0.11043,0,0,0,0,0,0,0.99388,0,0,0,0.93358,-0.35837
4,0,0,0,0,0,0,0,0,0,0,0,0,0,0,0,0,0,0,0,0,0,0,0,0,0,0,1,0,0,0,0.81157,-0.58425
4,0,0,0,0,0,0.73363,0,0,0,0,0,0,0,0,0,0,0,0,0,0.056433,0,0,0,0,0,0,0.6772,0,0,0,0.8725,-0.48862
4,0,0,0,0,0,0,0,0,0,0,0,0,0,0,0,0,0,0,0,0.052559,0,0,0,0,0,0,0.99862,0,0,0,0.85264,-0.5225
4,0,0,0,0,0,0.70711,0,0,0,0,0,0,0,0,0,0,0,0,0,0,0,0,0,0,0,0,0.70711,0,0,0,-0.03926,-0.99923
4,0,0,0,0,0,0.70711,0,0,0,0,0,0,0,0,0,0,0,0,0,0,0,0,0,0,0,0,0.70711,0,0,0,-0.88295,-0.46947
4,0,0,0,0,0,0,0,0,0,0,0,0,0,0,0,0,0,0,0.012557,0.043948,0.025113,0,0,0,0,0,0.99824,0.012557,0.025113,0,-0.94693,-0.32144
4,0,0,0,0,0,0,0,0,0,0,0,0,0,0,0,0,0,0,0,0.015871,0,0,0,0,0,0,0.99987,0,0,0,-0.97905,-0.20364
4,0,0,0,0,0,0.72018,0,0,0,0,0,0,0,0,0,0,0,0,0,0.0088911,0.017782,0,0,0,0,0,0.6935,0,0,0,-0.96815,0.25038
4,0,0,0,0,0,0.74136,0,0,0,0,0,0,0,0,0,0,0,0,0.0083769,0.025131,0.016754,0,0,0,0,0,0.67015,0.0041885,0.016754,0,-0.28402,0.95882
4,0,0,0,0,0,0,0,0,0,0,0,0,0,0,0,0,0,0,0,0.028002,0.037336,0,0,0,0,0,0.99874,0,0.018668,0,0.71934,-0.69466
4,0,0,0,0,0,0.71961,0,0,0,0,0,0,0,0,0,0,0,0,0,0.0257,0,0,0,0,0,0,0.69391,0,0,0,-0.69151,0.72236
4,0,0,0,0,0,0.71727,0,0,0,0,0,0,0,0,0,0,0,0,0.0068638,0.010296,0,0,0,0,0,0,0.69668,0.0034319,0,0,-0.64612,0.76323
4,0,0,0,0,0,0.72069,0,0,0,0,0,0,0,0,0,0,0,0,0.01386,0.01386,0,0,0,0,0,0,0.69298,0,0,0,-0.98079,-0.19509
4,0,0,0,0,0,0,0,0,0,0,0,0,0,0,0,0,0,0,0.014419,0.019225,0,0,0,0,0,0,0.9997,0,0.0048062,0,-0.78261,0.62251
4,0,0,0,0,0,0.71567,0,0,0,0,0,0,0,0,0,0,0,0,0,0.017455,0,0,0,0,0,0,0.69822,0,0,0,0.17794,-0.98404
4,0,0,0,0,0,0,0,0,0,0,0,0,0,0,0,0,0,0,0.0091739,0,0,0,0,0,0,0,0.99996,0,0,0,-0.72236,-0.69151
4,0,0,0,0,0,0.71589,0,0,0,0,0,0,0,0,0,0,0,0,0,0.017897,0,0,0,0,0,0,0.69799,0,0,0,-0.70711,0.70711
4,0,0,0,0,0,0.73513,0,0,0,0,0,0,0,0,0,0,0,0,0.019346,0.019346,0.019346,0,0,0,0,0,0.6771,0,0,0,-0.58779,0.80902
4,0,0,0,0,0,0,0,0,0,0,0,0,0,0,0,0,0,0,0,0,0.0091739,0,0,0,0,0,0.99996,0,0,0,-0.48862,0.8725
4,0,0,0,0,0,0,0,0,0,0,0,0,0,0,0,0,0,0,0,0.019224,0.019224,0,0,0,0,0,0.99963,0,0,0,0.56641,-0.82413
4,0,0,0,0,0,0,0,0,0,0,0,0,0,0,0,0,0,0,0,0.03205,0.048075,0,0,0,0,0,0.99356,0.016025,0.096151,0,-0.85035,-0.52621
4,0,0,0,0,0,0.71278,0,0,0,0,0,0,0,0,0,0,0,0,0,0.011497,0,0,0,0,0,0,0.70129,0,0,0,-0.73432,0.6788
4,0,0,0,0,0,0,0,0,0,0,0,0,0,0,0,0,0,0,0,0.025141,0.016761,0,0.058662,0,0,0,0.99726,0,0.033521,0,-0.66262,0.74896
4,0,0,0,0,0,0,0,0,0,0,0,0,0,0,0,0,0,0,0,0.066482,0,0,0,0,0,0,0.99723,0.033241,0,0,0.74314,-0.66913
4,0,0,0,0,0,0,0,0,0,0,0,0,0,0,0,0,0,0,0,0.040769,0.01359,0,0,0,0,0,0.99885,0,0.020385,0.0067949,0.021815,-0.99976
4,0,0,0,0,0,0,0,0,0,0,0,0,0,0,0,0,0,0,0,0.022721,0,0,0,0,0,0,0.99974,0,0,0,-0.1132,-0.99357
4,0,0,0,0,0,0.73343,0,0,0,0,0,0,0,0,0,0,0,0,0,0.030307,0.012123,0,0,0,0,0,0.67888,0,0.012123,0,-0.75756,0.65276
4,0,0,0,0,0,0,0,0,0,0,0,0,0,0,0,0,0,0,0,0.020799,0.020799,0,0.034665,0,0,0,0.99836,0,0.034665,0,-0.63944,0.76884
4,0,0,0,0,0,0,0,0,0,0,0,0,0,0,0,0,0,0,0,0.035385,0.035385,0,0,0,0,0,0.99784,0,0.042461,0,0.30902,-0.95106
4,0,0,0,0,0,0,0,0,0,0,0,0,0,0,0,0,0,0,0,0.010868,0.010868,0,0,0,0,0,0.99988,0,0,0,0.20364,-0.97905
4,0,0,0,0,0,0.71946,0,0,0,0,0,0,0,0,0,0,0,0,0,0.010062,0.015093,0,0,0,0,0,0.6943,0,0,0,-0.83867,0.54464
4,0,0,0,0,0,0,0,0,0,0,0,0,0,0,0,0,0,0,0,0.0069443,0,0,0,0,0,0,0.99998,0,0,0,-0.71019,0.70401
4,0,0,0,0,0,0.7391,0,0,0,0,0,0,0,0,0,0,0,0,0,0.033596,0.033596,0,0,0,0,0,0.67191,0,0,0,0.3173,-0.94832
4,0,0,0,0,0,0,0,0,0,0,0,0,0,0,0,0,0,0,0,0.030179,0.060357,0,0,0,0,0,0.99589,0,0.060357,0,-0.9703,-0.24192
4,0,0,0,0,0,0,0,0,0,0,0,0,0,0,0,0,0,0,0,0.014922,0.014922,0,0,0,0,0,0.99978,0,0,0,-0.99027,-0.13917
4,0,0,0,0,0,0,0,0,0,0,0,0,0,0,0,0,0,0,0,0.0074625,0,0,0,0,0,0,0.99997,0,0,0,-0.47332,0.88089
4,0,0,0,0,0,0,0,0,0,0,0,0,0,0,0,0,0,0,0,0.021229,0.063686,0,0,0,0,0,0.99774,0,0,0,0.64279,-0.76604
4,0,0,0,0,0,0.71252,0,0,0,0,0,0,0,0,0,0,0,0,0,0.010962,0,0,0,0,0,0,0.70156,0,0,0,-0.48099,-0.87673
4,0,0,0,0,0,0.72476,0,0,0,0,0,0,0,0,0,0,0,0,0.018119,0.018119,0,0,0,0,0,0,0.68852,0,0,0,-0.99976,0.021815
4,0,0,0,0,0,0,0,0,0,0,0,0,0,0,0,0,0,0,0,0.021091,0.0084363,0,0,0,0,0,0.99971,0,0.0084363,0,-0.75756,0.65276
4,0,0,0,0,0,0.71475,0,0,0,0,0,0,0,0,0,0,0,0,0,0.015538,0,0,0,0,0,0,0.69921,0,0,0,0.48481,-0.87462
4,0,0,0,0,0,0.71162,0,0,0,0,0,0,0,0,0,0,0,0,0,0.0091234,0,0,0,0,0,0,0.7025,0,0,0,-0.35837,-0.93358
4,0,0,0,0,0,0,0,0,0,0,0,0,0,0,0,0,0,0,0,0.018865,0,0,0,0,0,0,0.99982,0,0,0,-0.84805,0.52992
4,0,0,0,0,0,0,0,0,0,0,0,0,0,0,0,0,0,0,0,0,0,0,0,0,0,0,1,0,0,0,-0.73135,0.682
4,0,0,0,0,0,0.72476,0,0,0,0,0,0,0,0,0,0,0,0,0.018119,0.018119,0,0,0,0,0,0,0.68852,0,0,0,-0.38671,-0.9222
4,0,0,0,0,0,0,0,0,0,0,0,0,0,0,0,0,0,0,0,0.025195,0.016797,0,0,0,0,0,0.9994,0,0.016797,0,-0.45787,-0.88902
4,0,0,0,0,0,0,0,0,0,0,0,0,0,0,0,0,0,0,0,0.024383,0,0,0,0,0,0,0.9997,0,0,0,-0.54829,-0.83629
4,0,0,0,0,0,0.94162,0,0,0,0,0,0,0,0,0,0,0,0,0.023778,0.023778,0.034875,0.0031704,0.0063409,0,0,0.0015852,0.0063409,0.0063409,0.33131,0.03329,-0.84339,-0.5373
4,0,0,0,0,0,0.71098,0,0,0,0,0,0,0,0,0,0,0,0,0,0.007813,0,0,0,0,0,0,0.70317,0,0,0,-0.48099,0.87673
4,0,0,0,0,0,0,0,0,0,0,0,0,0,0,0,0,0,0,0,0.014215,0.0094768,0,0,0,0,0,0.9998,0.0047384,0.0094768,0,-0.32557,0.94552
4,0,0,0,0,0,0,0,0,0,0,0,0,0,0,0,0,0,0,0,0.012194,0,0,0,0,0,0,0.99993,0,0,0,0.6788,-0.73432
4,0,0,0,0,0,0,0,0,0,0,0,0,0,0,0,0,0,0,0,0,0,0,0,0,0,0,1,0,0,0,0.64279,-0.76604
4,0,0,0,0,0,0,0,0,0,0,0,0,0,0,0,0,0,0,0,0.013157,0,0,0,0,0,0,0.99991,0,0,0,0.60876,-0.79335
4,0,0,0,0,0,0.7306,0,0,0,0,0,0,0,0,0,0,0,0,0,0.022006,0.013204,0,0,0,0,0,0.68219,0,0.013204,0,-0.70711,0.70711
4,0,0,0,0,0,0,0,0,0,0,0,0,0,0,0,0,0,0,0,0.045408,0,0,0,0,0,0,0.99897,0,0,0,0.61566,-0.78801
4,0,0,0,0,0,0.71288,0,0,0,0,0,0,0,0,0,0,0,0,0,0.011687,0,0,0,0,0,0,0.70119,0,0,0,0.19509,-0.98079
4,0,0,0,0,0,0,0,0,0,0,0,0,0,0,0,0,0,0,0,0.018179,0,0,0,0,0,0,0.99983,0,0,0,0.11754,-0.99307
4,0,0,0,0,0,0,0,0,0,0,0,0,0,0.0072197,0,0,0,0,0,0.072197,0.014439,0,0,0,0,0,0.99632,0,0.043318,0,0.082808,-0.99657
4,0,0,0,0,0,0,0,0,0,0,0,0,0,0,0,0,0,0,0.049553,0.099106,0,0,0,0,0,0,0.99106,0.074329,0,0,-0.074108,-0.99725
4,0,0,0,0,0,0,0,0,0,0,0,0,0,0,0,0,0,0,0.06711,0.093953,0,0,0,0,0,0,0.99322,0.013422,0,0,-0.46175,-0.88701
4,0,0,0,0,0,0,0,0,0,0,0,0,0,0,0,0,0,0,0,0.029399,0,0,0,0,0,0,0.99957,0,0,0,-0.78261,-0.62251
4,0,0,0,0,0,0.70984,0,0,0,0,0,0,0,0,0,0,0,0,0,0.0055027,0,0,0,0,0,0,0.70434,0,0,0,-0.99996,-0.0087265
4,0,0,0,0,0,0,0,0,0,0,0,0,0,0,0,0,0,0,0,0,0,0,0,0,0,0,1,0,0,0,-0.57715,0.81664
4,0,0,0,0,0,0,0,0,0,0,0,0,0,0,0,0,0,0,0,0.019861,0.0066205,0,0,0,0,0,0.99969,0,0.013241,0,0.3173,-0.94832
4,0,0,0,0,0,0.71459,0,0,0,0,0,0,0,0,0,0,0,0,0,0.015204,0,0,0,0,0,0,0.69938,0,0,0,-0.99452,-0.10453
4,0,0,0,0,0,0,0,0,0,0,0,0,0,0,0,0,0,0,0.0090869,0.022717,0.0090869,0,0,0,0,0,0.99956,0.01363,0.0045434,0,-0.55557,0.83147
4,0,0,0,0,0,0,0,0,0,0,0,0,0,0,0,0,0,0,0,0.039968,0,0,0,0,0,0,0.9992,0,0,0,-0.043619,-0.99905
4,0,0,0,0,0,0,0,0,0,0,0,0,0,0,0,0,0,0,0,0.04499,0.0089981,0,0,0,0,0,0.99878,0,0.017996,0,-0.10887,-0.99406
4,0,0,0,0,0,0,0,0,0,0,0,0,0,0,0,0,0,0,0,0.039535,0.039535,0,0.0079069,0,0,0,0.99627,0,0.063255,0.015814,-0.2207,-0.97534
4,0,0,0,0,0,0.71214,0,0,0,0,0,0,0,0,0,0,0,0,0,0.010173,0,0,0,0,0,0,0.70197,0,0,0,-0.98769,0.15643
4,0,0,0,0,0,0,0,0,0,0,0,0,0,0,0,0,0,0,0,0.062378,0,0,0,0,0,0,0.99805,0,0,0,-0.97338,0.2292
4,0,0,0,0,0,0,0,0,0,0,0,0,0,0,0,0,0,0,0,0.026065,0.017377,0,0,0,0,0,0.99917,0,0.026065,0,-0.72236,0.69151
4,0,0,0,0,0,0,0,0,0,0,0,0,0,0,0,0,0,0,0,0,0.19591,0.16326,0,0,0,0,0,0,0.94688,0.19591,0.75756,-0.65276
4,0,0,0,0,0,0,0,0,0,0,0,0,0,0,0,0,0,0,0,0.019992,0,0,0,0,0,0,0.9996,0.019992,0,0,0.7163,-0.69779
4,0,0,0,0,0,0,0,0,0,0,0,0,0,0,0,0,0,0,0,0.012985,0,0,0,0,0,0,0.99983,0.012985,0,0,0.69779,-0.7163
4,0,0,0,0,0,0,0,0,0,0,0,0,0,0,0,0,0,0,0,0.021734,0,0,0,0,0,0,0.99976,0,0,0,0.65276,-0.75756
4,0,0,0,0,0,0.71742,0,0,0,0,0,0,0,0,0,0,0,0,0,0.021101,0,0,0,0,0,0,0.69632,0,0,0,-0.66262,-0.74896
4,0,0,0,0,0,0,0,0,0,0,0,0,0,0,0,0,0,0,0,0.026757,0.026757,0,0,0,0,0,0.99893,0,0.026757,0,-0.68835,0.72537
4,0,0,0,0,0,0,0,0,0,0,0,0,0,0,0,0,0,0,0,0.016944,0.016944,0,0,0,0,0,0.99968,0,0.0084718,0,-0.60876,0.79335
4,0,0,0,0,0,0.75847,0,0,0,0,0,0,0,0,0,0,0,0,0,0.032977,0.032977,0,0,0,0,0,0.64855,0,0.043969,0,0.51504,-0.85717
4,0,0,0,0,0,0,0,0,0,0,0,0,0,0,0,0,0,0,0,0.018744,0.012496,0,0,0,0,0,0.99967,0,0.012496,0,-0.55919,-0.82904
4,0,0,0,0,0,0,0,0,0,0,0,0,0,0,0,0,0,0,0.013888,0,0,0,0,0,0,0,0.9999,0,0,0,-0.69151,-0.72236
4,0,0,0,0,0,0,0,0,0,0,0,0,0,0,0,0,0,0,0,0.020892,0.43874,0,0,0,0,0,0,0,0.89837,0,-0.75471,-0.65606
4,0,0,0,0,0,0,0,0,0,0,0,0,0,0,0,0,0,0,0,0,0.3253,0.06506,0,0,0,0,0,0,0.94337,0,-0.84573,0.53361
4,0,0,0,0,0,0,0,0,0,0,0,0,0,0,0,0,0,0,0,0.020402,0.010201,0,0,0,0,0,0.99969,0,0.010201,0,-0.50377,0.86384
4,0,0,0,0,0,0.70711,0,0,0,0,0,0,0,0,0,0,0,0,0,0,0,0,0,0,0,0,0.70711,0,0,0,0.082808,-0.99657
4,0,0,0,0,0,0,0,0,0,0,0,0,0,0,0,0,0,0,0,0.0094335,0,0,0,0,0,0,0.99996,0,0,0,-0.68518,0.72837
4,0,0,0,0,0,0,0,0,0,0,0,0,0,0,0,0,0,0,0,0.010773,0.026932,0.075411,0.032319,0,0,0,0.97495,0,0.20469,0,-0.63944,0.76884
4,0,0,0,0,0,0,0,0,0,0,0,0,0,0,0,0,0,0,0,0.076305,0.30522,0.19076,0,0,0,0,0.64859,0,0.64859,0.15261,0.59482,-0.80386
4,0,0,0,0,0,0.71387,0,0,0,0,0,0,0,0,0,0,0,0,0,0.013728,0,0,0,0,0,0,0.70014,0,0,0,-0.88089,-0.47332
4,0,0,0,0,0,0,0,0,0,0,0,0,0.0062637,0,0,0,0,0,0.087692,0.068901,0.28187,0.037582,0.11275,0,0,0,0.037582,0.012527,0.92703,0.18165,-0.95372,-0.30071
4,0,0,0,0,0,0,0,0,0,0,0,0,0,0,0,0,0,0,0.029824,0.1193,0.46227,0.14912,0,0,0,0,0.029824,0,0.8649,0,-0.94118,0.33792
4,0,0,0,0,0,0,0,0,0,0,0,0,0,0,0,0,0,0,0,0,0.10701,0.035669,0.21401,0,0,0,0,0,0.92739,0.28535,-0.67559,0.73728
4,0,0,0,0,0,0,0,0,0,0,0,0,0,0,0,0,0,0,0,0.011903,0.0079354,0,0,0,0,0,0.99987,0,0.0079354,0,-0.3665,0.93042
4,0,0,0,0,0,0,0,0,0,0,0,0,0,0,0,0,0,0,0,0.016662,0,0,0,0,0,0,0.99972,0.016662,0,0,0.34202,-0.93969
4,0,0,0,0,0,0,0,0,0,0,0,0,0,0,0,0,0,0,0,0.018515,0,0,0,0,0,0,0.99983,0,0,0,0.29654,-0.95502
4,0,0,0,0,0,0,0,0,0,0,0,0,0,0,0,0,0,0,0,0,0,0,0,0,0,0,1,0,0,0,-0.065403,-0.99786
4,0,0,0,0,0,0,0,0,0,0,0,0,0,0,0,0,0,0,0.048751,0.048751,0.17063,0,0.024376,0,0,0,0,0.12188,0.97503,0,-0.84339,-0.5373
4,0,0,0,0,0,0.71587,0,0,0,0,0,0,0,0,0,0,0,0,0,0.013339,0,0,0,0,0,0,0.69809,0.0044464,0,0,-0.89101,-0.45399
4,0,0,0,0,0,0,0,0,0,0,0,0,0,0,0,0,0,0,0,0,0.13855,0.051956,0.086594,0,0,0,0,0,0.96985,0.17319,-0.99027,0.13917
4,0,0,0,0,0,0,0,0,0,0,0,0,0,0,0,0,0,0,0,0.025633,0,0,0,0,0,0,0.99967,0,0,0,-0.6788,0.73432
4,0,0,0,0,0,0,0,0,0,0,0,0,0,0,0,0,0,0,0,0.016947,0,0,0,0,0,0,0.99986,0,0,0,-0.59131,0.80644
4,0,0,0,0,0,0,0,0,0,0,0,0,0,0,0,0,0,0,0,0,0,0,0,0,0,0,1,0,0,0,-0.56641,0.82413
4,0,0,0,0,0,0,0,0,0,0,0,0,0,0,0,0,0,0,0.035687,0.014275,0.39969,0.078511,0.057099,0,0,0,0,0.014275,0.89931,0.14275,-0.63608,-0.77162
4,0,0,0,0,0,0.74542,0,0,0,0,0,0,0,0,0,0,0,0,0.0084229,0.025269,0.0084229,0,0,0,0,0,0.66541,0.012634,0.025269,0,-0.77439,-0.63271
4,0,0,0,0,0,0,0,0,0,0,0,0,0,0,0,0,0,0,0,0.017541,0,0,0,0,0,0,0.99985,0,0,0,-0.84573,-0.53361
4,0,0,0,0,0,0,0,0,0,0,0,0,0,0,0,0,0,0,0,0,0.0893,0.16074,0.03572,0,0,0,0,0,0.9823,0,-0.97534,0.2207
4,0,0,0,0,0,0.71509,0,0,0,0,0,0,0,0,0,0,0,0,0,0.016252,0,0,0,0,0,0,0.69884,0,0,0,-0.5,0.86603
4,0,0,0,0,0,0,0,0,0,0,0,0,0,0,0,0,0,0,0,0.0053763,0,0,0,0,0,0,0.99999,0,0,0,-0.43445,0.9007
4,0,0,0,0,0,0.86138,0,0,0,0,0,0,0,0,0,0,0,0,0,0.060096,0.020032,0.14022,0,0,0,0,0.44071,0,0.20032,0,0.64279,-0.76604
4,0,0,0,0,0,0,0,0,0,0,0,0,0,0,0,0,0,0,0,0.018971,0.012647,0,0,0,0,0,0.99914,0.012647,0.031618,0.0063237,0.33792,-0.94118
4,0,0,0,0,0,0.80139,0,0,0,0,0,0,0,0,0,0,0,0,0.013357,0.060104,0.013357,0,0.013357,0,0,0,0.58769,0.026713,0.086817,0,0.24615,-0.96923
4,0,0,0,0,0,0.71995,0,0,0,0,0,0,0,0,0,0,0,0,0.01309,0.01309,0,0,0,0,0,0,0.69377,0,0,0,-0.51877,-0.85491
4,0,0,0,0,0,0.58736,0.58736,0,0,0,0,0,0,0,0,0,0,0,0,0.031466,0,0,0,0,0,0,0.5559,0,0,0,-0.57715,0.81664
4,0,0,0,0,0,0,0,0,0,0,0,0,0,0,0,0,0,0,0,0.04524,0.052779,0,0,0,0,0,0.99527,0,0.067859,0,-0.50754,0.86163
4,0,0,0,0,0,0,0,0,0,0,0,0,0,0,0,0,0,0,0,0.023049,0.030732,0,0,0,0,0,0.99879,0,0.030732,0,0.72837,-0.68518
4,0,0,0,0,0,0,0,0,0,0,0,0,0,0,0,0,0,0,0,0.0101,0,0,0,0,0,0,0.99995,0,0,0,0.65935,-0.75184
4,0,0,0,0,0,0.71782,0,0,0,0,0,0,0,0,0,0,0,0,0.010876,0.010876,0,0,0,0,0,0,0.69606,0,0,0,-0.66262,-0.74896
4,0,0,0,0,0,0,0,0,0,0,0,0,0,0,0,0,0,0,0,0.016947,0,0,0,0,0,0,0.99986,0,0,0,-0.99953,0.030539
4,0,0,0,0,0,0,0,0,0,0,0,0,0,0,0,0,0,0,0,0.10887,0.3266,0.1633,0,0,0,0,0.35382,0,0.78928,0.3266,-0.99452,0.10453
4,0,0,0,0,0,0,0,0,0,0,0,0,0,0,0,0,0,0,0,0,0.17075,0.10245,0.051224,0,0,0,0,0,0.71714,0.66591,-0.61222,0.79069
4,0,0,0,0,0,0,0,0,0,0,0,0,0,0,0,0,0,0,0,0.025465,0.012732,0,0,0,0,0.0063662,0.99949,0,0.012732,0,-0.57,0.82165
4,0,0,0,0,0,0.74826,0,0,0,0,0,0,0,0,0,0,0,0,0,0.028779,0.019186,0,0,0,0,0,0.66192,0.01439,0.023983,0,0.58425,-0.81157
4,0,0,0,0,0,0,0,0,0,0,0,0,0,0,0,0,0,0,0,0.021734,0,0,0,0,0,0,0.99976,0,0,0,0.50377,-0.86384
4,0,0,0,0,0,0,0.85181,0,0,0,0,0,0,0,0,0,0,0,0.032058,0.045796,0.087013,0,0.054956,0,0,0,0.0091593,0.018319,0.49918,0.10533,-0.85717,0.51504
4,0,0,0,0,0,0.71685,0,0,0,0,0,0,0,0,0,0,0,0,0,0.019913,0,0,0,0,0,0,0.69694,0,0,0,-0.59482,0.80386
4,0,0,0,0,0,0,0,0,0,0,0,0,0,0,0,0,0.0075455,0.015091,0.037728,0.052819,0.022637,0,0,0,0,0,0.99601,0.030182,0.045273,0,-0.51504,0.85717
4,0,0,0,0,0,0,0,0,0,0,0,0,0,0,0,0,0,0,0.011415,0.028538,0.017123,0,0,0,0,0,0.99883,0.028538,0.017123,0,0.68835,-0.72537
4,0,0,0,0,0,0,0,0,0,0,0,0,0,0,0,0,0.031814,0.063628,0.063628,0.095443,0,0,0,0,0,0,0.98624,0.095443,0,0,0.58779,-0.80902
4,0,0,0,0,0,0.81211,0,0,0,0,0,0,0,0,0,0,0,0,0,0.040605,0.10151,0,0.060908,0,0,0,0.040605,0,0.56848,0,0.18652,-0.98245
4,0,0,0,0,0,0.72229,0,0,0,0,0,0,0,0,0,0,0,0,0,0.031404,0,0,0,0,0,0,0.69088,0,0,0,-0.51877,-0.85491
4,0,0,0,0,0,0,0.79282,0,0,0,0,0,0,0,0,0,0,0.037753,0.022652,0.041529,0.011326,0,0,0,0,0,0.60405,0.045304,0.026427,0.0037753,-0.84805,0.52992
4,0,0,0,0,0,0,0,0,0,0,0,0,0,0,0,0,0.016231,0.016231,0.016231,0.032461,0.024346,0,0,0,0,0,0.99819,0.024346,0.024346,0,0.94832,0.3173
4,0,0,0,0,0,0,0,0,0,0,0,0,0,0,0,0,0,0,0.049875,0.049875,0,0,0,0,0,0,0.99751,0,0,0,0.98079,0.19509
4,0,0,0,0,0,0,0,0,0,0,0,0,0,0,0,0,0,0,0,0.070003,0,0,0,0,0,0,0.99755,0,0,0,-0.46175,-0.88701
4,0,0,0,0,0,0,0,0.052111,0,0,0,0,0,0,0,0,0,0,0,0,0,0,0,0.13028,0.99011,0,0,0,0,0,-0.52992,-0.84805
4,0,0,0,0,0,0,0,0,0,0,0,0,0,0,0,0,0,0,0,0.02856,0.19992,0.11424,0.05712,0,0,0,0,0,0.97103,0,-0.39073,0.9205
4,0,0,0,0,0,0,0,0,0,0,0,0,0,0,0,0,0,0,0,0,0.17488,0.2825,0.053809,0,0,0,0,0,0.94166,0,-0.3173,0.94832
4,0,0,0,0,0,0,0,0,0,0,0,0,0,0,0,0,0,0,0.0047393,0,0,0,0,0,0,0,0.99999,0,0,0,-0.25882,0.96593
4,0,0,0,0,0,0,0,0,0,0,0,0,0,0,0,0,0,0,0,0.012345,0,0,0,0,0,0,0.99992,0,0,0,0.26303,-0.96479
4,0,0,0,0,0,0,0,0,0,0,0,0,0,0,0,0,0,0,0,0.049938,0,0,0,0,0,0,0.99875,0,0,0,0.74896,-0.66262
4,0,0,0,0,0,0.70711,0,0,0,0,0,0,0,0,0,0,0,0,0,0,0,0,0,0,0,0,0.70711,0,0,0,0.54464,-0.83867
4,0,0,0,0,0,0,0,0,0,0,0,0,0,0,0,0,0,0,0,0.062378,0,0,0,0,0,0,0.99805,0,0,0,0.5225,-0.85264
4,0,0,0,0,0.72642,0,0,0,0,0,0,0,0,0,0,0,0,0,0,0,0,0,0,0.040357,0.68606,0,0,0,0,0,-0.2546,-0.96705
4,0,0,0,0,0,0,0,0,0,0,0,0,0,0,0,0,0,0,0,0,0,0,0,0.14834,0.98894,0,0,0,0,0,-0.87673,-0.48099
4,0,0,0,0,0,0,0,0,0,0,0,0,0,0,0,0,0,0,0,0.039968,0,0,0,0,0,0,0.9992,0,0,0,0.96593,-0.25882
4,0,0,0,0,0,0.70711,0,0,0,0,0,0,0,0,0,0,0,0,0,0,0,0,0,0,0,0,0.70711,0,0,0,-0.65935,-0.75184
4,0,0,0,0,0,0,0,0,0,0,0,0,0,0,0,0,0,0,0,0.052559,0,0,0,0,0,0,0.99862,0,0,0,-0.80644,0.59131
4,0,0,0,0,0,0.73827,0,0,0,0,0,0,0,0,0,0,0,0,0,0.067116,0,0,0,0,0,0,0.67116,0,0,0,-0.74022,0.67237
4,0,0,0,0,0,0.74201,0,0,0,0,0,0,0,0,0,0,0,0,0,0.055651,0,0,0,0,0,0,0.66781,0.01855,0,0,0.52621,-0.85035
4,0,0,0,0,0.74125,0,0,0,0,0,0,0,0,0,0,0,0,0,0,0,0,0,0,0.074125,0.66712,0,0,0,0,0,-0.13917,-0.99027
4,0,0,0,0,0,0,0,0,0,0,0,0,0,0,0,0,0,0,0,0,0,0,0,0.05547,0.99846,0,0,0,0,0,-0.51504,-0.85717
4,0,0,0,0,0.72109,0,0,0,0,0,0,0,0,0,0,0,0,0,0,0,0,0,0,0.028843,0.69224,0,0,0,0,0,-0.99996,-0.0087265
4,0,0,0,0,0,0,0,0,0,0,0,0,0,0,0,0,0,0,0,0.05547,0,0,0,0,0,0,0.99846,0,0,0,0.91531,-0.40275
4,0,0,0,0,0,0,0,0,0,0,0,0,0,0,0,0,0,0,0,0.038433,0,0,0,0,0,0,0.99926,0,0,0,-0.682,-0.73135
4,0,0,0,0,0,0,0,0,0,0,0,0,0,0,0,0,0,0,0,0.022721,0,0,0,0,0,0,0.99974,0,0,0,-0.9007,-0.43445
4,0,0,0,0,0,0,0,0,0,0,0,0,0,0,0,0,0,0,0,0.038433,0,0,0,0,0,0,0.99926,0,0,0,-0.96815,-0.25038
4,0,0,0,0,0,0,0,0,0,0,0,0,0,0,0,0,0,0,0,0.041631,0,0,0,0,0,0,0.99913,0,0,0,-0.61909,0.78532
4,0,0,0,0,0,0,0,0,0,0,0,0,0,0,0,0,0,0,0,0.066519,0,0,0,0,0,0,0.99779,0,0,0,0.91355,-0.40674
4,0,0,0,0,0,0,0,0,0,0,0,0,0,0,0,0,0,0,0,0,0,0,0,0.047565,0.99887,0,0,0,0,0,0.41469,-0.90996
4,0,0,0,0,0,0.71562,0,0,0,0,0,0,0,0,0,0,0,0,0,0.008622,0,0,0,0,0,0,0.69838,0.008622,0,0,-0.82413,-0.56641
4,0,0,0,0,0.75282,0,0,0,0,0,0,0,0,0,0,0,0,0,0,0,0,0,0,0.10266,0.65017,0,0,0,0,0,-0.99756,-0.069756
4,0,0,0,0,0,0,0,0,0,0,0,0,0,0,0,0,0,0,0,0,0,0,0,0.5145,0.85749,0,0,0,0,0,-0.99999,-0.0043633
4,0,0,0,0,0,0.72642,0,0,0,0,0,0,0,0,0,0,0,0,0,0.040357,0,0,0,0,0,0,0.68606,0,0,0,-0.99885,-0.047978
4,0,0,0,0,0,0,0,0,0,0,0,0,0,0,0,0,0,0,0,0.041631,0,0,0,0,0,0,0.99913,0,0,0,0.70401,-0.71019
4,0,0,0,0,0,0,0,0,0,0,0,0,0,0,0,0,0,0,0,0,0.05705,0,0,0,0,0,0.99837,0,0,0,0.1262,-0.992
4,0,0,0,0,0,0.71492,0,0,0,0,0,0,0,0,0,0,0,0,0,0.015887,0,0,0,0,0,0,0.69903,0,0,0,-0.63271,-0.77439
4,0,0,0,0,0,0.73415,0,0,0,0,0,0,0,0,0,0,0,0,0,0.018824,0.037649,0,0,0,0,0,0.67768,0,0,0,-0.99999,-0.0043633
4,0,0,0,0,0,0,0,0,0,0,0,0,0,0,0,0,0,0,0,0.049938,0,0,0,0,0,0,0.99875,0,0,0,0.97237,-0.23345
4,0,0,0,0,0,0.71878,0,0,0,0,0,0,0,0,0,0,0,0,0,0.023959,0,0,0,0,0,0,0.69482,0,0,0,0.34612,-0.93819
4,0,0,0,0,0,0.74612,0,0,0,0,0,0,0,0,0,0,0,0,0.041451,0.041451,0,0,0,0,0,0,0.66322,0,0,0,-0.49622,-0.8682
4,0,0,0,0,0,0,0,0,0,0,0,0,0,0,0,0,0,0,0,0.099504,0,0,0,0,0,0,0.99504,0,0,0,-0.9563,-0.29237
4,0,0,0,0,0,0,0,0,0,0,0,0,0,0,0,0,0,0,0.10976,0.10976,0,0,0,0,0,0,0.98788,0,0,0,0.78532,-0.61909
4,0,0,0,0,0,0,0,0,0,0,0,0,0,0,0,0,0,0,0,0,0,0,0,0,0,0,1,0,0,0,0.60876,-0.79335
4,0,0,0,0,0,0,0,0,0,0,0,0,0,0,0,0,0,0,0,0,0,0,0,0.052559,0.99862,0,0,0,0,0,0.39073,-0.9205
4,0,0,0,0,0.71634,0,0,0,0,0,0,0,0,0,0,0,0,0,0,0,0,0,0,0.018851,0.69749,0,0,0,0,0,-0.96005,-0.27983
4,0,0,0,0,0,0,0,0,0,0,0,0,0,0,0,0,0,0,0.049875,0.049875,0,0,0,0,0,0,0.99751,0,0,0,0.65935,-0.75184
4,0,0,0,0,0,0,0,0,0,0,0,0,0,0,0,0,0,0,0,0.034462,0,0,0,0,0,0,0.99941,0,0,0,0.20791,-0.97815
4,0,0,0,0,0.72642,0,0,0,0,0,0,0,0,0,0,0,0,0,0,0,0,0,0,0.040357,0.68606,0,0,0,0,0,-0.89687,0.44229
4,0,0,0,0,0,0,0,0,0,0,0,0,0,0,0,0,0,0,0,0.038433,0,0,0,0,0,0,0.99926,0,0,0,-0.37865,0.92554
4,0,0,0,0,0,0,0,0,0,0,0,0,0,0,0,0,0,0,0,0,0,0,0,0,0,0,1,0,0,0,0.88499,-0.46561
4,0,0,0,0,0,0,0,0,0,0,0,0,0,0,0,0,0,0,0,0.030289,0,0,0,0,0,0,0.99954,0,0,0,0.55557,-0.83147
4,0,0,0,0,0,0.75703,0,0,0,0,0,0,0,0,0,0,0,0,0,0.054074,0,0,0,0,0,0,0.64889,0.054074,0,0,-0.59131,-0.80644
4,0,0,0,0,0,0,0,0,0,0,0,0,0,0,0,0,0,0,0,0,0,0,0,0.20953,0.9778,0,0,0,0,0,-0.97134,0.23769
4,0,0,0,0,0,0.75703,0,0,0,0,0,0,0,0,0,0,0,0,0.054074,0.054074,0,0,0,0,0,0,0.64889,0,0,0,0.62592,-0.77988
4,0,0,0,0,0,0,0,0,0,0,0,0,0,0,0,0,0,0,0,0.071247,0,0,0,0,0,0,0.99746,0,0,0,-0.81157,-0.58425
4,0,0,0,0,0,0,0,0,0,0,0,0,0,0,0,0,0,0,0.047511,0.047511,0,0,0,0,0,0,0.99774,0,0,0,0.81157,-0.58425
4,0,0,0,0,0,0.72753,0,0,0,0,0,0,0,0,0,0,0,0,0,0.042796,0,0,0,0,0,0,0.68474,0,0,0,-0.021815,-0.99976
4,0,0,0,0,0,0.74061,0,0,0,0,0,0,0,0,0,0,0,0,0,0.035267,0,0,0,0,0.035267,0,0.67008,0,0,0,-0.3665,-0.93042
4,0,0,0,0,0,0,0,0,0,0,0,0,0,0,0,0,0,0,0,0.047565,0,0,0,0,0,0,0.99887,0,0,0,0.90996,-0.41469
4,0,0,0,0,0,0.72109,0,0,0,0,0,0,0,0,0,0,0,0,0.028843,0,0,0,0,0,0,0,0.69224,0,0,0,0.13053,-0.99144
4,0,0,0,0,0,0.76158,0,0,0,0,0,0,0,0,0,0,0,0,0,0.039392,0.013131,0,0,0,0,0,0.6434,0,0.065653,0,-0.78532,-0.61909
4,0,0,0,0,0,0,0,0,0,0,0,0,0,0,0,0,0,0,0.076472,0.076472,0,0,0,0,0,0,0.99413,0,0,0,-0.73432,0.6788
4,0,0,0,0,0,0,0,0,0,0,0,0,0,0,0,0,0,0,0,0,0,0,0,0,0,0,1,0,0,0,0.90446,-0.42657
4,0,0,0,0,0.72371,0,0,0,0,0,0,0,0,0,0,0,0,0,0,0,0,0,0,0.034462,0.68925,0,0,0,0,0,-0.74896,-0.66262
4,0,0,0,0,0,0.70711,0,0,0,0,0,0,0,0,0,0,0,0,0,0,0,0,0,0,0,0,0.70711,0,0,0,-0.94693,-0.32144
4,0,0,0,0,0,0,0,0,0,0,0,0,0,0,0,0,0,0,0,0.039968,0,0,0,0,0,0,0.9992,0,0,0,0.85941,-0.51129
4,0,0,0,0,0,0.74125,0,0,0,0,0,0,0,0,0,0,0,0,0,0.074125,0,0,0,0,0,0,0.66712,0,0,0,-0.4462,-0.89493
4,0,0,0,0,0,0.72753,0,0,0,0,0,0,0,0,0,0,0,0,0,0.042796,0,0,0,0,0,0,0.68474,0,0,0,-0.77715,-0.62932
4,0,0,0,0,0,0.71685,0,0,0,0,0,0,0,0,0,0,0,0,0,0.019913,0,0,0,0,0,0,0.69694,0,0,0,-0.86384,-0.50377
4,0,0,0,0,0,0,0,0,0,0,0,0,0,0,0,0,0,0,0,0.071247,0,0,0,0,0,0,0.99746,0,0,0,-0.85941,0.51129
4,0,0,0,0,0,0,0,0,0,0,0,0,0,0,0,0,0,0,0,0.052559,0,0,0,0,0,0,0.99862,0,0,0,0.11754,-0.99307
4,0,0,0,0,0,0,0,0,0,0,0,0,0,0,0,0,0,0,0,0,0,0,0,0,1,0,0,0,0,0,-0.46175,-0.88701
4,0,0,0,0,0,0.72452,0,0,0,0,0,0,0,0,0,0,0,0,0,0.036226,0,0,0,0,0,0,0.6883,0,0,0,-0.80125,-0.59832
4,0,0,0,0,0,0.7441,0,0,0,0,0,0,0,0,0,0,0,0,0.039163,0.039163,0,0,0,0,0,0,0.66577,0,0,0,-0.99966,0.026177
4,0,0,0,0,0,0,0,0,0,0,0,0,0,0,0,0,0,0,0,0,0,0,0,0,0,0,1,0,0,0,-0.48862,0.8725
4,0,0,0,0,0,0.71841,0,0,0,0,0,0,0,0,0,0,0,0,0,0.023174,0,0,0,0,0,0,0.69523,0,0,0,0.79069,-0.61222
4,0,0,0,0,0,0,0,0,0,0,0,0,0,0,0,0,0,0,0,0.018865,0,0,0,0,0,0,0.99982,0,0,0,0.62251,-0.78261
4,0,0,0,0,0,0.73057,0,0,0,0,0,0,0,0,0,0,0,0,0.016235,0.03247,0,0,0,0,0,0,0.68187,0,0,0,-0.47332,-0.88089
4,0,0,0,0,0,0.72006,0,0,0,0,0,0,0,0,0,0,0,0,0,0.026669,0,0,0,0,0,0,0.69339,0,0,0,-0.92718,-0.37461
4,0,0,0,0,0,0,0,0,0,0,0,0,0,0,0,0,0,0,0,0,0,0,0,0.043437,0.99906,0,0,0,0,0,-0.95106,0.30902
4,0,0,0,0,0,0,0,0,0,0,0,0,0,0,0,0,0,0,0,0.037012,0,0,0,0,0,0,0.99931,0,0,0,0.96363,-0.26724
4,0,0,0,0,0,0.72672,0,0,0,0,0,0,0,0,0,0,0,0,0,0.020187,0,0,0,0,0,0,0.68634,0.020187,0,0,0.36244,-0.93201
4,0,0,0,0,0,0,0,0,0.045303,0,0,0,0,0,0,0,0,0,0,0,0,0,0,0.067954,0.99666,0,0,0,0,0,-0.10887,-0.99406
4,0,0,0,0,0,0,0,0,0,0,0,0,0,0,0,0,0,0,0,0,0,0,0,0.090536,0.99589,0,0,0,0,0,-0.65276,-0.75756
4,0,0,0,0,0,0,0,0,0,0,0,0,0,0,0,0,0,0,0,0.035692,0,0,0,0,0,0,0.99936,0,0,0,-0.94832,-0.3173
4,0,0,0,0,0,0,0,0,0,0,0,0,0,0,0,0,0,0,0,0.083045,0,0,0,0,0,0,0.99655,0,0,0,-0.5373,0.84339
4,0,0,0,0,0,0,0,0,0,0,0,0,0,0,0,0,0,0,0,0.038433,0,0,0,0,0,0,0.99926,0,0,0,0.30071,-0.95372
4,0,0,0,0,0.72392,0,0,0,0,0,0,0,0,0,0,0,0,0,0,0,0,0,0,0.017236,0.68945,0.017236,0,0,0,0,-0.31316,-0.9497
4,0,0,0,0,0,0,0,0,0,0,0,0,0,0,0,0,0,0,0.058722,0,0,0,0,0,0,0,0.99827,0,0,0,0.83867,-0.54464
4,0,0,0,0,0,0.73062,0,0,0,0,0,0,0,0,0,0,0,0,0.024354,0.024354,0,0,0,0,0,0,0.68191,0,0,0,-0.99953,-0.030539
4,0,0,0,0,0,0,0,0,0,0,0,0,0,0,0,0,0,0,0,0.083045,0,0,0,0,0,0,0.99655,0,0,0,0.86163,-0.50754
4,0,0,0,0,0,0,0,0,0,0,0,0,0,0,0,0,0,0,0.071067,0.071067,0,0,0,0,0,0,0.99494,0,0,0,0.79069,-0.61222
4,0,0,0,0,0,0.70711,0,0,0,0,0,0,0,0,0,0,0,0,0,0,0,0,0,0,0,0,0.70711,0,0,0,-0.43445,-0.9007
4,0,0,0,0,0,0,0,0,0,0,0,0,0,0,0,0,0,0,0,0,0,0,0,0.13511,0.99083,0,0,0,0,0,0.21218,-0.97723
4,0,0,0,0,0,0,0,0,0,0,0,0,0,0,0,0,0,0,0.049938,0,0,0,0,0,0,0,0.99875,0,0,0,-0.96923,0.24615
4,0,0,0,0,0,0.72878,0,0,0,0,0,0,0,0,0,0,0,0,0,0.045549,0,0,0,0,0,0,0.68323,0,0,0,0.93667,0.35021
4,0,0,0,0,0,0,0,0,0,0,0,0,0,0,0,0,0,0,0.1071,0.080322,0,0,0,0,0,0,0.99064,0.026774,0,0,0.99087,0.13485
4,0,0,0,0,0,0,0,0,0,0,0,0,0,0,0,0,0,0,0,0.045408,0,0,0,0,0,0,0.99897,0,0,0,-0.28402,0.95882
4,0,0,0,0,0,0.72452,0,0,0,0,0,0,0,0,0,0,0,0,0,0.036226,0,0,0,0,0,0,0.6883,0,0,0,0.45787,-0.88902
4,0,0,0,0,0.72542,0,0,0,0,0,0,0,0,0,0,0,0,0,0,0,0,0,0,0.03818,0.68724,0,0,0,0,0,-0.087156,-0.99619
4,0,0,0,0,0,0,0,0,0,0,0,0,0,0,0,0,0,0,0.045361,0.045361,0,0,0,0,0,0,0.99794,0,0,0,-0.23769,-0.97134
5,0,0,0,0,0,0,0,0,0,0,0,0,0,0,0,0,0,0,0,0,0.28222,0.56443,0.18814,0,0,0,0,0,0.75258,0,0.73432,-0.6788
5,0,0,0,0,0,0,0,0,0,0,0,0,0,0,0,0,0,0,0,0.045129,0.31591,0,0,0,0,0,0,0,0.94772,0,0.74022,-0.67237
5,0,0,0,0,0,0,0,0,0,0,0,0,0,0,0,0,0,0,0,0,0.069673,0.41804,0,0,0,0,0,0,0.90575,0,0.91879,-0.39474
5,0,0,0,0,0,0,0,0,0,0,0,0,0,0,0,0,0,0,0,0,0.083045,0,0,0,0,0,0,0,0.99655,0,0.18652,-0.98245
5,0,0,0,0,0,0,0,0,0,0,0,0,0,0,0,0,0,0,0,0,0.39392,0,0,0,0,0,0,0,0.91915,0,-0.94409,-0.32969
5,0,0,0,0,0,0,0,0,0,0,0,0,0,0,0,0,0,0,0,0.044065,0.30846,0.30846,0.17626,0,0,0,0,0,0.88131,0,0.32969,-0.94409
5,0,0,0,0,0,0,0,0,0,0,0,0,0,0,0,0,0,0,0,0,0.26612,0,0,0,0,0,0,0,0.95804,0.10645,0.66262,-0.74896
5,0,0,0,0,0,0,0,0,0,0,0,0,0,0,0,0,0,0,0,0,0.34174,0,0,0,0,0,0,0,0.93979,0,0.51129,-0.85941
5,0,0,0,0,0,0,0,0,0,0,0,0,0,0,0,0,0,0,0,0.043274,0.30292,0,0,0,0,0,0,0,0.95203,0,0.23769,-0.97134
5,0,0,0,0,0,0,0,0,0,0,0,0,0,0,0,0,0,0,0,0,0.31189,0,0,0,0,0,0,0,0.8733,0.37427,0.51129,-0.85941
5,0,0,0,0,0,0,0,0,0,0,0,0,0,0,0,0,0,0,0,0,0.55411,0.046176,0,0,0,0,0,0,0.83116,0,-0.047978,-0.99885
5,0,0,0,0,0,0,0,0,0,0,0,0,0,0,0,0,0,0,0,0,0.22184,0.044368,0.22184,0,0,0,0,0,0.93172,0.17747,0.28402,-0.95882
5,0,0,0,0,0,0,0,0,0,0,0,0,0,0,0,0,0,0,0,0.18099,0.39214,0.06033,0,0,0,0,0.21115,0,0.87478,0,-0.83147,-0.55557
5,0,0,0,0,0,0,0,0,0,0,0,0,0,0,0,0,0,0,0,0,0.17379,0,0,0,0,0,0,0,0.98478,0,0.67559,-0.73728
5,0,0,0,0,0,0,0,0,0,0,0,0,0,0,0,0,0,0,0,0.045129,0.31591,0,0,0,0,0,0,0,0.94772,0,0.52992,-0.84805
5,0,0,0,0,0,0,0,0,0,0,0,0,0,0,0,0,0,0,0,0,0.18711,0,0,0,0,0,0,0,0.98234,0,0.2882,-0.95757
5,0,0,0,0,0,0,0,0,0,0,0,0,0,0,0,0,0,0,0,0.034462,0,0,0,0,0,0,0.99941,0,0,0,-0.22495,-0.97437
5,0,0,0,0,0,0,0,0,0,0,0,0,0,0,0,0,0,0,0,0,0.22711,0.292,0.19467,0,0,0,0,0,0.90844,0,0.14781,-0.98902
5,0,0,0,0,0,0,0,0,0,0,0,0,0,0,0,0,0,0,0,0.019544,0.1759,0.19544,0.078176,0,0,0,0,0,0.85994,0.42997,-0.70091,-0.71325
5,0,0,0,0,0,0,0,0,0,0,0,0,0,0,0,0,0,0,0,0.017538,0.017538,0,0,0,0,0,0.99969,0,0,0,0.61566,-0.78801
5,0,0,0,0,0,0,0,0,0,0,0,0,0,0,0,0,0,0,0,0,0.15596,0,0,0,0,0,0,0,0.98776,0,0.59482,-0.80386
5,0,0,0,0,0,0,0,0,0,0,0,0,0,0,0,0,0,0,0,0,0.21592,0.21592,0.064775,0,0,0,0,0,0.95003,0,-0.68518,0.72837
5,0,0,0,0,0,0,0,0,0,0,0,0,0,0,0,0,0,0,0,0.10251,0.22553,0.082009,0.041005,0,0,0,0,0,0.96361,0.041005,0.74022,-0.67237
5,0,0,0,0,0,0,0,0,0,0,0,0,0,0,0,0,0,0,0,0.058621,0.64483,0,0,0,0,0,0,0,0.76207,0,0.54097,-0.84104
5,0,0,0,0,0,0,0,0,0,0,0,0,0,0,0,0,0,0,0,0.067116,0.33558,0,0,0,0,0,0,0,0.93962,0,-0.51877,-0.85491
5,0,0,0,0,0,0,0,0,0,0,0,0,0,0,0,0,0,0,0,0,0.21693,0,0,0,0,0,0,0,0.97619,0,-0.62932,-0.77715
5,0,0,0,0,0,0,0,0,0,0,0,0,0,0,0,0,0,0,0,0.02666,0.55985,0,0,0,0,0,0,0,0.82645,0.053319,-0.72236,0.69151
5,0,0,0,0,0,0,0,0,0,0,0,0,0,0,0,0,0,0,0,0.033729,0.18551,0.2867,0.2867,0,0,0,0.033729,0,0.89382,0,0.15643,-0.98769
5,0,0,0,0,0,0,0,0,0,0,0,0,0,0,0,0,0,0,0,0.017236,0,0,0,0,0,0.017236,0.9997,0,0,0,0.21644,-0.9763
5,0,0,0,0,0,0,0,0,0,0,0,0,0,0,0,0,0,0,0,0.068519,0.27408,0,0,0,0,0,0,0,0.95926,0,-0.18652,-0.98245
5,0,0,0,0,0,0,0,0,0,0,0,0,0,0,0,0,0,0,0,0,0.14142,0,0,0,0,0,0,0,0.98995,0,0.67559,-0.73728
5,0,0,0,0,0,0,0,0,0,0,0,0,0,0,0,0,0,0,0,0.053288,0.39078,0.017763,0.0088813,0,0,0,0,0,0.87924,0.26644,-0.796,0.60529
5,0,0,0,0,0,0,0,0,0,0,0,0,0,0,0,0,0,0,0,0.11677,0.42817,0.038925,0,0,0,0,0,0,0.89527,0,0.47332,-0.88089
5,0,0,0,0,0,0,0,0,0,0,0,0,0,0,0,0,0,0,0,0.043153,0.25892,0,0,0,0,0,0,0,0.86306,0.43153,-0.50377,-0.86384
5,0,0,0,0,0,0,0,0,0,0,0,0,0,0,0,0,0,0,0,0,0.1146,0,0,0,0,0,0,0,0.99323,0.019101,-0.64945,-0.76041
5,0,0,0,0,0,0,0,0,0,0,0,0,0,0,0,0,0,0,0,0.030289,0,0,0,0,0,0,0.99954,0,0,0,0.48481,-0.87462
5,0,0,0,0,0,0,0,0,0,0,0,0,0,0,0,0,0,0,0,0,0.33067,0.22044,0.11022,0,0,0,0,0,0.90933,0.055111,-0.46561,0.88499
5,0,0,0,0,0,0,0,0,0,0,0,0,0,0,0,0,0,0,0,0.092131,0.39156,0.1382,0.23033,0,0,0,0,0,0.87524,0,0.3665,-0.93042
5,0,0,0,0,0,0,0,0,0,0,0,0,0,0,0,0,0,0,0,0.0635,0.381,0,0,0,0,0,0.03175,0.03175,0.92075,0.03175,0.26303,-0.96479
5,0,0,0,0,0,0,0,0,0,0,0,0,0,0,0,0,0,0,0,0.035262,0.28209,0.070524,0.088154,0,0,0,0,0,0.95207,0,-0.81915,0.57358
5,0,0,0,0,0,0,0,0,0,0,0,0,0,0,0,0,0,0,0,0,0.19017,0,0.15214,0,0,0,0,0,0.96989,0,-0.64945,0.76041
5,0,0,0,0,0,0,0,0,0,0,0,0,0,0,0,0,0,0,0,0.069171,0.55337,0,0,0,0,0,0,0,0.83006,0,0.45399,-0.89101
5,0,0,0,0,0,0,0,0,0,0,0,0,0,0,0,0,0,0,0.01666,0.01666,0,0,0,0,0,0,0.99958,0.01666,0,0,0.97338,0.2292
6,0,0,0,0,0,0,0,0,0,0.44721,0,0,0,0,0,0,0,0,0,0,0,0,0,0,0,0.89443,0,0,0,0,-0.43051,-0.90259
6,0,0,0,0,0,0,0,0,0,0,0,0,0,0,0,0,0,0,0,0.060858,0.12172,0.7303,0,0,0,0,0,0,0.66944,0,-0.64945,0.76041
6,0,0,0,0,0,0.94074,0,0,0,0,0,0,0,0,0,0,0,0,0,0.011543,0.037514,0.0086571,0.0404,0,0,0,0.0404,0,0.33186,0,-0.84805,0.52992
6,0,0,0,0,0,0.83861,0,0,0,0,0,0,0,0,0,0,0,0,0,0.020622,0.11686,0.061865,0.020622,0,0,0,0.027495,0,0.52241,0.068739,-0.68518,0.72837
6,0,0,0,0,0,0,0,0,0,0,0,0,0,0,0,0,0,0,0,0,0.037479,0.1799,0.044974,0,0,0,0,0,0.98194,0,-0.86163,0.50754
6,0,0,0,0,0,0,0,0.078567,0,0,0,0,0,0,0,0,0,0,0,0,0.15713,0.4714,0,0,0,0,0,0,0.86424,0,-0.78532,0.61909
6,0,0,0,0,0,0,0,0,0,0,0,0,0,0,0,0,0,0,0,0,0.29157,0.13121,0.11663,0,0,0,0,0,0.93304,0.11663,-0.78532,0.61909
6,0,0,0,0,0,0,0,0,0,0,0,0,0,0,0,0,0,0,0,0,0.14548,0.29096,0,0,0,0,0,0,0.94561,0,-0.71325,0.70091
6,0,0,0,0,0,0,0,0,0,0,0,0,0,0,0,0,0,0,0,0.021525,0.21525,0.2583,0.086101,0,0,0,0.021525,0,0.93635,0.043051,-0.59832,0.80125
6,0,0,0,0,0,0,0,0,0,0,0,0,0,0,0,0,0,0,0,0,0,0.86824,0,0,0,0,0,0,0.49614,0,-0.19937,0.97992
6,0,0,0,0,0,0,0,0,0,0,0,0,0,0,0,0,0,0,0,0,0.023523,0,0,0,0,0,0,0,0.99972,0,-0.75756,0.65276
7,0,0,0,0,0,0,0,0,0,0,0,0,0,0,0,0,0,0,0,0,0,0.81373,0,0,0,0,0,0,0.58124,0,0.026177,0.99966
7,0,0,0,0,0,0,0,0,0,0,0,0,0,0,0,0,0,0,0,0,0,0.85328,0,0,0,0,0,0,0.52145,0,0.82165,0.57
7,0,0,0,0,0,0,0,0,0.042145,0,0,0,0,0,0,0,0,0,0,0,0,0.88504,0,0,0,0,0,0,0.46359,0,0.72537,-0.68835
7,0,0,0,0,0,0,0,0,0,0,0,0.046127,0,0,0,0,0,0,0,0,0,0.83028,0,0,0,0,0,0,0.55352,0.046127,-0.17365,0.98481
7,0,0,0,0,0,0,0,0,0,0,0,0,0,0,0,0,0,0,0,0,0,0.77096,0,0,0,0,0,0,0.63688,0,0.95757,-0.2882
7,0,0,0,0,0,0,0,0,0,0,0,0,0,0,0,0,0,0,0,0,0.039193,0.90144,0,0,0,0,0,0,0.43112,0,-0.52992,0.84805
7,0,0,0,0,0,0,0,0,0,0,0,0,0,0,0,0,0,0,0,0,0,0.97014,0,0,0,0,0,0,0.24254,0,0.93667,0.35021
7,0,0,0,0,0,0,0,0,0,0,0,0,0,0,0,0,0,0,0,0,0,0.81153,0,0,0,0,0,0,0.5843,0,0.796,-0.60529
7,0,0,0,0,0,0,0,0,0,0,0,0.24077,0,0,0,0,0,0,0,0,0,0.96309,0.12039,0,0,0,0,0,0,0,-0.30902,0.95106
7,0,0,0,0,0,0,0,0,0,0,0,0,0,0,0,0,0,0,0,0,0,0.91192,0,0,0,0,0,0,0.41036,0,0.89687,-0.44229
7,0,0,0,0,0,0,0,0,0,0,0,0,0,0,0,0,0,0,0,0,0,0.91287,0.18257,0,0,0,0,0,0.36515,0,-0.39073,0.9205
7,0,0,0,0,0,0,0,0,0,0,0,0,0,0,0,0,0,0,0,0,0,0.95144,0,0,0,0,0,0,0.30782,0,0.90259,-0.43051
7,0,0,0,0,0,0,0,0,0,0,0,0,0,0,0,0,0,0,0,0,0.099258,0.79407,0.24815,0,0,0,0,0,0.54592,0,-0.60182,0.79864
7,0,0,0,0,0,0,0,0,0,0,0,0,0,0,0,0,0,0,0,0.11625,0,0.92998,0,0,0,0,0,0,0.34874,0,0.0043633,0.99999
7,0,0,0,0,0,0,0,0,0,0,0,0,0,0,0,0,0.071611,0,0,0,0,0.93095,0,0,0,0,0,0,0.35806,0,0.9497,0.31316
7,0,0,0,0,0,0,0,0,0,0,0,0.023051,0,0,0,0,0,0,0,0,0.092204,0.66848,0,0,0,0,0,0,0.73763,0,0.72537,-0.68835
7,0,0,0,0,0,0,0,0,0,0,0,0,0,0,0,0,0,0,0,0.064651,0.1293,0.80814,0.19395,0,0,0,0.1293,0.064651,0.51721,0,-0.54464,0.83867
7,0,0,0,0,0,0,0,0,0,0,0,0,0,0,0,0,0,0,0,0,0,0.93633,0,0,0,0,0,0,0.35112,0,0.84339,0.5373
7,0,0,0,0,0,0,0,0,0,0,0,0,0,0,0,0.025976,0,0,0,0,0.15586,0.80526,0,0,0,0,0,0,0.57148,0,0.68835,-0.72537
7,0,0,0,0,0,0,0,0,0,0,0,0,0,0,0,0,0,0,0,0,0.17379,0.86893,0,0,0,0,0,0,0.46343,0,-0.64945,0.76041
7,0,0,0,0,0,0,0,0,0,0,0,0,0,0,0,0,0,0,0,0,0,0.96107,0.08737,0,0,0,0,0,0.26211,0,0.73135,0.682
7,0,0,0,0,0,0,0,0,0,0,0,0,0,0,0,0,0,0.021547,0,0,0,0.6033,0,0,0,0,0,0,0.79722,0,0.96479,-0.26303
7,0,0,0,0,0,0,0,0,0,0,0,0.049266,0,0,0,0,0,0,0,0,0,0.83753,0,0,0.049266,0,0,0,0.54193,0,-0.3665,0.93042
7,0,0,0,0,0,0,0,0,0,0,0,0,0.079556,0,0,0,0,0,0,0,0,0.87511,0,0,0,0,0,0,0.47733,0,-0.61566,0.78801
7,0,0,0,0,0,0,0,0,0,0,0,0,0,0,0,0,0,0,0,0,0,0.80656,0,0,0.073324,0,0,0,0.58659,0,0.72537,0.68835
7,0,0,0,0,0,0,0,0,0,0,0,0,0,0,0,0,0,0,0,0,0,0.91717,0,0,0,0.065512,0,0,0.39307,0,0.97905,-0.20364
7,0,0,0,0,0,0,0,0,0,0.065372,0,0,0,0,0,0,0,0,0,0,0,0.84984,0,0,0,0,0,0,0.52298,0,-0.62592,0.77988
7,0,0,0,0,0,0,0,0,0,0,0,0,0,0,0,0,0,0,0,0,0.082479,0.90726,0,0,0,0,0,0,0.41239,0,0.65935,0.75184
7,0,0,0,0,0,0,0,0,0,0,0,0,0,0,0,0,0,0,0,0,0,0.78706,0,0,0,0,0,0,0.61688,0,0.63944,-0.76884
7,0,0,0,0,0,0,0,0,0,0,0,0,0,0,0,0,0,0.035289,0,0,0,0.74107,0,0,0,0,0,0,0.6705,0,-0.20791,0.97815
7,0,0,0,0,0,0,0,0,0,0,0,0,0,0,0,0,0,0,0,0,0,0.82219,0,0,0,0,0,0,0.56921,0,0.87036,-0.49242
7,0,0,0,0,0,0,0,0,0,0,0,0,0.045549,0,0,0,0,0,0,0,0,0.72878,0,0,0,0,0,0,0.68323,0,-0.59832,0.80125
7,0,0,0,0,0,0,0,0,0,0,0,0.051988,0,0,0,0,0,0,0,0,0,0.77981,0,0,0,0,0,0,0.62385,0,0.91355,0.40674
7,0,0,0,0,0,0,0,0,0,0,0,0,0,0,0,0,0,0,0,0,0,0.86691,0,0,0,0,0,0,0.49847,0,0.84104,-0.54097
7,0,0,0,0,0,0,0,0,0,0,0,0,0,0,0,0,0,0,0,0,0.083478,0.70957,0.2087,0,0,0,0,0,0.66783,0,-0.4501,0.89298
7,0,0,0,0,0,0,0,0,0,0,0,0,0,0,0,0,0,0,0,0,0,0.92848,0,0,0,0,0,0,0.37139,0,0.65935,0.75184
7,0,0,0,0,0,0,0,0,0,0,0,0,0,0,0,0,0,0,0,0,0,0.95578,0,0,0,0,0,0,0.29409,0,0.99939,0.034899
7,0,0,0,0,0,0,0,0,0,0,0,0,0,0,0,0,0,0,0,0,0,0.66679,0,0,0,0,0,0,0.74524,0,0.79864,-0.60182
7,0,0,0,0,0,0,0,0,0,0,0,0,0,0,0,0.061199,0,0,0,0,0,0.67319,0,0,0,0.061199,0,0,0.73439,0,-0.43051,0.90259
7,0,0,0,0,0,0,0,0,0,0,0,0,0,0,0,0,0,0,0,0,0,0.78969,0.060746,0,0,0,0.060746,0,0.60746,0,0.71325,0.70091
7,0,0,0,0,0,0,0,0,0,0,0,0,0,0,0,0,0,0,0,0,0,0.91915,0,0,0,0,0,0,0.39392,0,0.99996,-0.0087265
7,0,0,0,0,0,0,0,0,0,0,0,0,0,0,0,0,0,0,0,0,0.12265,0.83813,0,0,0,0,0,0,0.5315,0,0.89879,-0.43837
7,0,0,0,0,0,0,0,0,0,0,0,0,0,0,0,0,0,0,0,0,0.1451,0.79802,0.072548,0,0,0,0,0,0.58038,0,-0.65276,0.75756
7,0,0,0,0,0,0,0,0,0,0,0,0,0,0,0,0,0,0,0,0,0,0.88047,0,0,0,0,0,0,0.4741,0,0.64612,0.76323
7,0,0,0,0,0,0,0,0,0,0,0,0,0,0,0,0,0,0,0,0,0.063758,0.76509,0.063758,0,0,0,0,0,0.63758,0,0.89298,-0.4501
7,0,0,0,0,0,0,0,0,0,0,0,0,0,0,0,0,0,0,0,0,0,0.89443,0,0,0,0,0,0,0.44721,0,-0.55194,0.83389
7,0,0,0,0,0,0,0,0,0,0,0,0,0,0,0,0,0,0,0,0,0,0.848,0,0,0,0,0,0,0.53,0,-0.095846,0.9954
7,0,0,0,0,0,0,0,0,0,0,0,0,0,0,0,0,0,0,0,0,0,0.80739,0,0,0,0,0,0,0.59002,0,0.84104,-0.54097
7,0,0,0,0,0,0,0,0,0,0,0,0,0,0,0,0,0,0,0,0,0.10089,0.90798,0,0,0.050443,0,0,0,0.40355,0,-0.37056,0.92881
7,0,0,0,0,0,0,0,0,0,0,0,0,0,0,0.042835,0,0,0,0,0,0,0.85671,0,0,0,0,0,0,0.51402,0,0.82659,-0.5628
7,0,0,0,0,0,0,0,0,0,0,0,0,0,0,0,0,0,0,0,0,0,0.9759,0.09759,0,0,0,0,0,0.19518,0,-0.47332,0.88089
7,0,0,0,0,0,0,0,0,0,0,0,0,0,0,0,0,0,0,0,0,0,0.95784,0,0,0.056344,0,0,0,0.28172,0,0.98769,-0.15643
7,0,0,0,0,0,0,0,0,0,0,0,0,0,0,0,0,0,0,0,0,0,0.901,0,0,0,0,0,0,0.43382,0,0.77162,-0.63608
7,0,0,0,0,0,0,0,0,0,0,0,0,0,0,0.12309,0,0,0,0,0,0,0.86164,0,0,0,0,0,0,0.49237,0,-0.13053,0.99144
7,0,0,0,0,0,0,0,0,0,0,0,0,0,0,0,0,0,0,0,0,0,0.70711,0,0,0,0,0,0,0.70711,0,0.76604,0.64279
7,0,0,0,0,0,0,0,0,0,0,0,0,0,0,0,0,0,0,0,0,0,0.8,0,0,0,0,0,0,0.6,0,0.95502,-0.29654
7,0,0,0,0,0,0,0,0,0,0,0,0,0,0,0,0,0,0,0,0.021627,0,0.77857,0,0,0,0,0,0,0.62718,0,-0.50754,0.86163
7,0,0,0,0,0,0,0,0,0,0,0,0,0,0,0,0,0,0,0,0,0,0.84549,0,0,0,0,0,0,0.53399,0,0.96126,-0.27564
7,0,0,0,0,0,0,0,0,0,0,0,0,0,0,0,0,0,0,0,0,0.11388,0.72123,0,0,0,0,0,0,0.68327,0,-0.27144,0.96246
7,0,0,0,0,0,0,0,0,0,0.048337,0,0,0,0,0,0,0,0,0,0,0.048337,0.77339,0,0,0,0,0,0,0.62838,0.048337,0.93969,0.34202
7,0,0,0,0,0,0,0,0,0,0,0,0,0,0,0,0,0,0,0,0,0,0.75682,0,0,0,0,0,0,0.65362,0,0.82659,-0.5628
7,0,0,0,0,0,0,0,0,0,0,0,0,0,0,0.069673,0,0,0,0,0.069673,0.069673,0.62706,0.069673,0,0,0,0,0,0.76641,0,-0.43051,0.90259
7,0,0,0,0,0,0,0,0,0,0,0.0553,0,0,0,0,0,0,0,0,0,0,0.8295,0,0,0,0,0,0.0553,0.553,0,0.81664,0.57715
7,0,0,0,0,0,0,0,0,0,0,0,0,0,0,0,0,0,0,0,0,0,0.92468,0,0,0,0,0,0,0.38075,0,0.98404,-0.17794
7,0,0,0,0,0,0,0,0,0,0,0,0,0,0,0,0,0,0,0,0,0,0.97619,0,0,0,0,0,0,0.21693,0,-0.47332,0.88089
7,0,0,0,0,0,0,0,0.11547,0,0,0,0,0,0,0,0,0,0,0,0,0,0.80829,0,0,0,0,0,0,0.57735,0,-0.01309,0.99991
7,0,0,0,0,0,0,0,0,0,0,0,0,0,0,0,0,0,0,0,0,0,0.96352,0,0,0,0,0,0,0.26764,0,0.93819,0.34612
7,0,0,0,0,0,0,0,0,0,0,0,0,0,0,0,0,0,0,0,0,0,0.74594,0,0,0,0,0,0,0.66602,0,0.77715,-0.62932
7,0,0,0,0,0,0,0,0,0,0,0,0,0,0,0,0,0,0,0.043437,0.043437,0.086874,0.60812,0.086874,0,0,0,0,0,0.78187,0,-0.4462,0.89493
7,0,0,0,0,0,0,0,0,0,0,0,0,0,0,0,0,0,0,0,0,0,0.81923,0,0,0,0,0,0,0.57346,0,0.96005,-0.27983
7,0,0,0,0,0,0,0,0,0,0,0,0,0,0,0,0,0.048113,0,0.048113,0,0.14434,0.72169,0,0,0,0,0,0,0.67358,0,-0.77988,0.62592
7,0,0,0,0,0,0,0,0,0,0,0,0,0,0,0,0,0,0,0,0.046984,0,0.65778,0,0,0,0,0,0,0.75175,0,0.54464,0.83867
7,0,0,0,0,0,0,0,0,0,0,0,0,0,0,0,0.043811,0,0,0,0,0,0.78859,0,0,0,0,0,0,0.61335,0,-0.11754,0.99307
7,0,0,0,0,0,0,0,0,0,0,0,0,0,0.11323,0,0,0,0,0,0,0.22646,0.90582,0,0,0,0,0,0,0.33968,0,0.92881,-0.37056
8,0,0,0,0,0,0,0,0,0,0,0,0,0,0,0,0,0.40202,0.1005,0.1005,0,0,0,0,0,0,0,0,0.90453,0,0,-0.061049,-0.99813
8,0,0,0,0,0,0,0,0,0,0,0,0,0,0,0.10783,0.3235,0.10783,0.53916,0,0,0,0,0,0,0,0.10783,0,0.75483,0,0,-0.40674,-0.91355
8,0,0,0,0,0,0,0,0,0,0,0.90272,0.4276,0.047511,0,0,0,0,0,0,0,0,0,0,0,0,0,0,0,0,0,-0.89298,-0.4501
8,0,0,0,0,0,0,0,0,0,0,0,0,0,0,0,0,0.50529,0.16843,0.084215,0,0,0,0,0,0,0,0,0.84215,0,0,-0.63944,-0.76884
8,0,0,0,0,0,0,0,0,0,0,0,0,0,0,0,0,0.046176,0.55411,0,0,0,0,0,0,0,0,0,0.83116,0,0,-0.99976,0.021815
8,0,0,0,0,0,0,0,0,0,0,0,0,0,0,0,0,0.50529,0.16843,0.084215,0,0,0,0,0,0,0,0,0.84215,0,0,0.39875,-0.91706
8,0,0,0,0,0,0,0,0,0,0,0,0,0,0,0,0,0.41983,0.11995,0,0,0,0,0,0,0,0,0,0.89964,0,0,-0.51129,-0.85941
8,0,0,0,0,0,0,0,0,0,0,0,0,0,0,0.080845,0.16169,0.080845,0.40423,0,0,0,0,0,0,0,0.080845,0,0.8893,0,0,-0.6788,0.73432
8,0,0,0,0,0,0,0,0,0,0,0,0,0,0,0,0,0.3873,0.1291,0.1291,0,0,0,0,0,0,0,0,0.9037,0,0,0.33381,-0.94264
8,0,0,0,0,0,0,0,0,0,0,0,0,0,0,0,0,0.44272,0.12649,0.063246,0,0,0,0,0,0,0,0,0.88544,0,0,0.11754,-0.99307
8,0,0,0,0,0,0,0,0,0,0,0,0,0,0,0,0,0.56614,0.22646,0,0,0,0,0,0,0,0,0,0.79259,0,0,-0.45787,-0.88902
8,0,0,0,0,0,0,0,0,0,0,0.038236,0.076472,0,0,0.11471,0.11471,0.15294,0.5353,0,0,0,0,0,0.076472,0,0.4206,0,0.68825,0,0,-0.89879,-0.43837
8,0,0,0,0,0,0,0,0,0,0,0,0,0,0,0,0,0.36788,0.12263,0,0,0,0,0.061314,0,0,0,0,0.91971,0,0,-0.34202,-0.93969
8,0,0,0,0,0,0,0,0,0,0,0,0,0,0,0,0.017165,0,0.65227,0.051495,0.03433,0,0,0,0,0,0,0,0.75526,0,0,-0.59832,-0.80125
8,0,0,0,0,0,0,0,0,0,0,0,0,0,0,0.028421,0.028421,0.73895,0.14211,0.056842,0.028421,0,0,0,0,0,0.028421,0,0.65368,0,0,-0.72236,-0.69151
8,0,0,0,0,0,0,0,0,0,0,0,0,0,0,0,0,0.58038,0.1451,0.072548,0,0,0,0,0,0,0,0,0.79802,0,0,0.40674,-0.91355
8,0,0,0,0,0,0,0,0,0,0,0,0,0,0,0.056321,0.084482,0.61953,0.16896,0.1408,0.16896,0.11264,0,0,0.028161,0,0.22529,0.028161,0.67586,0.084482,0,-0.85491,0.51877
8,0,0,0,0,0,0,0,0,0,0,0,0,0,0,0,0,0.42857,0.28571,0,0,0,0,0,0,0,0,0,0.85714,0,0,-0.99976,-0.021815
8,0,0,0,0,0,0,0,0,0,0,0,0,0,0,0,0.024522,0.46592,0.049044,0.024522,0,0,0,0,0,0,0,0,0.88279,0,0,-0.9222,-0.38671
8,0,0,0,0,0,0.91924,0,0,0,0,0,0,0,0,0,0.035355,0.14142,0.10607,0.10607,0.10607,0,0,0,0,0,0,0.14142,0.28284,0,0,-0.21644,-0.9763